objectType,objectID,graphType,provenanceHashPresent,rulesetVersionPresent,missingFields,status
node,run:ea9e5b6147734b919ec53070bedffeaa,run,True,True,,pass
node,reference_manifest:bb0fe4283cb56bec54fa879737387eebb3d4cc6cfd3fd9a07a0a77b352c8ae39,reference_manifest,True,True,,pass
node,sequence:ADV100-001-true_species_safe_positive,sequence,True,True,,pass
node,assignment:ADV100-001-true_species_safe_positive,assignment,True,True,,pass
node,taxon:species:Aedes albopictus,taxon,True,True,,pass
node,claim_boundary:ADV100-001-true_species_safe_positive,claim_boundary,True,True,,pass
node,hit:ADV100-001-true_species_safe_positive:BOLD:Aedes_albopictus,hit,True,True,,pass
node,hit:ADV100-001-true_species_safe_positive:BOLD:Aedes_aegypti,hit,True,True,,pass
node,sequence:ADV100-002-true_species_safe_positive,sequence,True,True,,pass
node,assignment:ADV100-002-true_species_safe_positive,assignment,True,True,,pass
node,claim_boundary:ADV100-002-true_species_safe_positive,claim_boundary,True,True,,pass
node,hit:ADV100-002-true_species_safe_positive:BOLD:Aedes_albopictus,hit,True,True,,pass
node,hit:ADV100-002-true_species_safe_positive:BOLD:Aedes_aegypti,hit,True,True,,pass
node,sequence:ADV100-003-true_species_safe_positive,sequence,True,True,,pass
node,assignment:ADV100-003-true_species_safe_positive,assignment,True,True,,pass
node,claim_boundary:ADV100-003-true_species_safe_positive,claim_boundary,True,True,,pass
node,hit:ADV100-003-true_species_safe_positive:BOLD:Aedes_albopictus,hit,True,True,,pass
node,hit:ADV100-003-true_species_safe_positive:BOLD:Aedes_aegypti,hit,True,True,,pass
node,sequence:ADV100-004-true_species_safe_positive,sequence,True,True,,pass
node,assignment:ADV100-004-true_species_safe_positive,assignment,True,True,,pass
node,claim_boundary:ADV100-004-true_species_safe_positive,claim_boundary,True,True,,pass
node,hit:ADV100-004-true_species_safe_positive:BOLD:Aedes_albopictus,hit,True,True,,pass
node,hit:ADV100-004-true_species_safe_positive:BOLD:Aedes_aegypti,hit,True,True,,pass
node,sequence:ADV100-005-true_species_safe_positive,sequence,True,True,,pass
node,assignment:ADV100-005-true_species_safe_positive,assignment,True,True,,pass
node,claim_boundary:ADV100-005-true_species_safe_positive,claim_boundary,True,True,,pass
node,hit:ADV100-005-true_species_safe_positive:BOLD:Aedes_albopictus,hit,True,True,,pass
node,hit:ADV100-005-true_species_safe_positive:BOLD:Aedes_aegypti,hit,True,True,,pass
node,sequence:ADV100-006-true_species_safe_positive,sequence,True,True,,pass
node,assignment:ADV100-006-true_species_safe_positive,assignment,True,True,,pass
node,claim_boundary:ADV100-006-true_species_safe_positive,claim_boundary,True,True,,pass
node,hit:ADV100-006-true_species_safe_positive:BOLD:Aedes_albopictus,hit,True,True,,pass
node,hit:ADV100-006-true_species_safe_positive:BOLD:Aedes_aegypti,hit,True,True,,pass
node,sequence:ADV100-007-true_species_safe_positive,sequence,True,True,,pass
node,assignment:ADV100-007-true_species_safe_positive,assignment,True,True,,pass
node,claim_boundary:ADV100-007-true_species_safe_positive,claim_boundary,True,True,,pass
node,hit:ADV100-007-true_species_safe_positive:BOLD:Aedes_albopictus,hit,True,True,,pass
node,hit:ADV100-007-true_species_safe_positive:BOLD:Aedes_aegypti,hit,True,True,,pass
node,sequence:ADV100-008-true_species_safe_positive,sequence,True,True,,pass
node,assignment:ADV100-008-true_species_safe_positive,assignment,True,True,,pass
node,claim_boundary:ADV100-008-true_species_safe_positive,claim_boundary,True,True,,pass
node,hit:ADV100-008-true_species_safe_positive:BOLD:Aedes_albopictus,hit,True,True,,pass
node,hit:ADV100-008-true_species_safe_positive:BOLD:Aedes_aegypti,hit,True,True,,pass
node,sequence:ADV100-009-true_species_safe_positive,sequence,True,True,,pass
node,assignment:ADV100-009-true_species_safe_positive,assignment,True,True,,pass
node,claim_boundary:ADV100-009-true_species_safe_positive,claim_boundary,True,True,,pass
node,hit:ADV100-009-true_species_safe_positive:BOLD:Aedes_albopictus,hit,True,True,,pass
node,hit:ADV100-009-true_species_safe_positive:BOLD:Aedes_aegypti,hit,True,True,,pass
node,sequence:ADV100-010-true_species_safe_positive,sequence,True,True,,pass
node,assignment:ADV100-010-true_species_safe_positive,assignment,True,True,,pass
node,claim_boundary:ADV100-010-true_species_safe_positive,claim_boundary,True,True,,pass
node,hit:ADV100-010-true_species_safe_positive:BOLD:Aedes_albopictus,hit,True,True,,pass
node,hit:ADV100-010-true_species_safe_positive:BOLD:Aedes_aegypti,hit,True,True,,pass
node,sequence:ADV100-011-close_sibling_ambiguity,sequence,True,True,,pass
node,assignment:ADV100-011-close_sibling_ambiguity,assignment,True,True,,pass
node,taxon:genus:Aedes,taxon,True,True,,pass
node,claim_boundary:ADV100-011-close_sibling_ambiguity,claim_boundary,True,True,,pass
node,blocker:8c7ec566665a,blocker,True,True,,pass
node,hit:ADV100-011-close_sibling_ambiguity:BOLD:Aedes_albopictus,hit,True,True,,pass
node,hit:ADV100-011-close_sibling_ambiguity:BOLD:Aedes_aegypti,hit,True,True,,pass
node,sequence:ADV100-012-close_sibling_ambiguity,sequence,True,True,,pass
node,assignment:ADV100-012-close_sibling_ambiguity,assignment,True,True,,pass
node,claim_boundary:ADV100-012-close_sibling_ambiguity,claim_boundary,True,True,,pass
node,hit:ADV100-012-close_sibling_ambiguity:BOLD:Aedes_albopictus,hit,True,True,,pass
node,hit:ADV100-012-close_sibling_ambiguity:BOLD:Aedes_aegypti,hit,True,True,,pass
node,sequence:ADV100-013-close_sibling_ambiguity,sequence,True,True,,pass
node,assignment:ADV100-013-close_sibling_ambiguity,assignment,True,True,,pass
node,claim_boundary:ADV100-013-close_sibling_ambiguity,claim_boundary,True,True,,pass
node,hit:ADV100-013-close_sibling_ambiguity:BOLD:Aedes_albopictus,hit,True,True,,pass
node,hit:ADV100-013-close_sibling_ambiguity:BOLD:Aedes_aegypti,hit,True,True,,pass
node,sequence:ADV100-014-close_sibling_ambiguity,sequence,True,True,,pass
node,assignment:ADV100-014-close_sibling_ambiguity,assignment,True,True,,pass
node,claim_boundary:ADV100-014-close_sibling_ambiguity,claim_boundary,True,True,,pass
node,hit:ADV100-014-close_sibling_ambiguity:BOLD:Aedes_albopictus,hit,True,True,,pass
node,hit:ADV100-014-close_sibling_ambiguity:BOLD:Aedes_aegypti,hit,True,True,,pass
node,sequence:ADV100-015-close_sibling_ambiguity,sequence,True,True,,pass
node,assignment:ADV100-015-close_sibling_ambiguity,assignment,True,True,,pass
node,claim_boundary:ADV100-015-close_sibling_ambiguity,claim_boundary,True,True,,pass
node,hit:ADV100-015-close_sibling_ambiguity:BOLD:Aedes_albopictus,hit,True,True,,pass
node,hit:ADV100-015-close_sibling_ambiguity:BOLD:Aedes_aegypti,hit,True,True,,pass
node,sequence:ADV100-016-close_sibling_ambiguity,sequence,True,True,,pass
node,assignment:ADV100-016-close_sibling_ambiguity,assignment,True,True,,pass
node,claim_boundary:ADV100-016-close_sibling_ambiguity,claim_boundary,True,True,,pass
node,hit:ADV100-016-close_sibling_ambiguity:BOLD:Aedes_albopictus,hit,True,True,,pass
node,hit:ADV100-016-close_sibling_ambiguity:BOLD:Aedes_aegypti,hit,True,True,,pass
node,sequence:ADV100-017-close_sibling_ambiguity,sequence,True,True,,pass
node,assignment:ADV100-017-close_sibling_ambiguity,assignment,True,True,,pass
node,claim_boundary:ADV100-017-close_sibling_ambiguity,claim_boundary,True,True,,pass
node,hit:ADV100-017-close_sibling_ambiguity:BOLD:Aedes_albopictus,hit,True,True,,pass
node,hit:ADV100-017-close_sibling_ambiguity:BOLD:Aedes_aegypti,hit,True,True,,pass
node,sequence:ADV100-018-close_sibling_ambiguity,sequence,True,True,,pass
node,assignment:ADV100-018-close_sibling_ambiguity,assignment,True,True,,pass
node,claim_boundary:ADV100-018-close_sibling_ambiguity,claim_boundary,True,True,,pass
node,hit:ADV100-018-close_sibling_ambiguity:BOLD:Aedes_albopictus,hit,True,True,,pass
node,hit:ADV100-018-close_sibling_ambiguity:BOLD:Aedes_aegypti,hit,True,True,,pass
node,sequence:ADV100-019-close_sibling_ambiguity,sequence,True,True,,pass
node,assignment:ADV100-019-close_sibling_ambiguity,assignment,True,True,,pass
node,claim_boundary:ADV100-019-close_sibling_ambiguity,claim_boundary,True,True,,pass
node,hit:ADV100-019-close_sibling_ambiguity:BOLD:Aedes_albopictus,hit,True,True,,pass
node,hit:ADV100-019-close_sibling_ambiguity:BOLD:Aedes_aegypti,hit,True,True,,pass
node,sequence:ADV100-020-close_sibling_ambiguity,sequence,True,True,,pass
node,assignment:ADV100-020-close_sibling_ambiguity,assignment,True,True,,pass
node,claim_boundary:ADV100-020-close_sibling_ambiguity,claim_boundary,True,True,,pass
node,hit:ADV100-020-close_sibling_ambiguity:BOLD:Aedes_albopictus,hit,True,True,,pass
node,hit:ADV100-020-close_sibling_ambiguity:BOLD:Aedes_aegypti,hit,True,True,,pass
node,sequence:ADV100-021-weak_coverage_short_fragment,sequence,True,True,,pass
node,assignment:ADV100-021-weak_coverage_short_fragment,assignment,True,True,,pass
node,claim_boundary:ADV100-021-weak_coverage_short_fragment,claim_boundary,True,True,,pass
node,blocker:54c10229b6d4,blocker,True,True,,pass
node,blocker:4b566aab621e,blocker,True,True,,pass
node,hit:ADV100-021-weak_coverage_short_fragment:BOLD:Aedes_albopictus,hit,True,True,,pass
node,sequence:ADV100-022-weak_coverage_short_fragment,sequence,True,True,,pass
node,assignment:ADV100-022-weak_coverage_short_fragment,assignment,True,True,,pass
node,claim_boundary:ADV100-022-weak_coverage_short_fragment,claim_boundary,True,True,,pass
node,hit:ADV100-022-weak_coverage_short_fragment:BOLD:Aedes_albopictus,hit,True,True,,pass
node,sequence:ADV100-023-weak_coverage_short_fragment,sequence,True,True,,pass
node,assignment:ADV100-023-weak_coverage_short_fragment,assignment,True,True,,pass
node,claim_boundary:ADV100-023-weak_coverage_short_fragment,claim_boundary,True,True,,pass
node,hit:ADV100-023-weak_coverage_short_fragment:BOLD:Aedes_albopictus,hit,True,True,,pass
node,sequence:ADV100-024-weak_coverage_short_fragment,sequence,True,True,,pass
node,assignment:ADV100-024-weak_coverage_short_fragment,assignment,True,True,,pass
node,claim_boundary:ADV100-024-weak_coverage_short_fragment,claim_boundary,True,True,,pass
node,hit:ADV100-024-weak_coverage_short_fragment:BOLD:Aedes_albopictus,hit,True,True,,pass
node,sequence:ADV100-025-weak_coverage_short_fragment,sequence,True,True,,pass
node,assignment:ADV100-025-weak_coverage_short_fragment,assignment,True,True,,pass
node,claim_boundary:ADV100-025-weak_coverage_short_fragment,claim_boundary,True,True,,pass
node,hit:ADV100-025-weak_coverage_short_fragment:BOLD:Aedes_albopictus,hit,True,True,,pass
node,sequence:ADV100-026-weak_coverage_short_fragment,sequence,True,True,,pass
node,assignment:ADV100-026-weak_coverage_short_fragment,assignment,True,True,,pass
node,claim_boundary:ADV100-026-weak_coverage_short_fragment,claim_boundary,True,True,,pass
node,hit:ADV100-026-weak_coverage_short_fragment:BOLD:Aedes_albopictus,hit,True,True,,pass
node,sequence:ADV100-027-weak_coverage_short_fragment,sequence,True,True,,pass
node,assignment:ADV100-027-weak_coverage_short_fragment,assignment,True,True,,pass
node,claim_boundary:ADV100-027-weak_coverage_short_fragment,claim_boundary,True,True,,pass
node,hit:ADV100-027-weak_coverage_short_fragment:BOLD:Aedes_albopictus,hit,True,True,,pass
node,sequence:ADV100-028-weak_coverage_short_fragment,sequence,True,True,,pass
node,assignment:ADV100-028-weak_coverage_short_fragment,assignment,True,True,,pass
node,claim_boundary:ADV100-028-weak_coverage_short_fragment,claim_boundary,True,True,,pass
node,hit:ADV100-028-weak_coverage_short_fragment:BOLD:Aedes_albopictus,hit,True,True,,pass
node,sequence:ADV100-029-weak_coverage_short_fragment,sequence,True,True,,pass
node,assignment:ADV100-029-weak_coverage_short_fragment,assignment,True,True,,pass
node,claim_boundary:ADV100-029-weak_coverage_short_fragment,claim_boundary,True,True,,pass
node,hit:ADV100-029-weak_coverage_short_fragment:BOLD:Aedes_albopictus,hit,True,True,,pass
node,sequence:ADV100-030-weak_coverage_short_fragment,sequence,True,True,,pass
node,assignment:ADV100-030-weak_coverage_short_fragment,assignment,True,True,,pass
node,claim_boundary:ADV100-030-weak_coverage_short_fragment,claim_boundary,True,True,,pass
node,hit:ADV100-030-weak_coverage_short_fragment:BOLD:Aedes_albopictus,hit,True,True,,pass
node,sequence:ADV100-031-no_match_novel_lineage,sequence,True,True,,pass
node,assignment:ADV100-031-no_match_novel_lineage,assignment,True,True,,pass
node,taxon:none:No match,taxon,True,True,,pass
node,claim_boundary:ADV100-031-no_match_novel_lineage,claim_boundary,True,True,,pass
node,blocker:f2bd58b483bd,blocker,True,True,,pass
node,sequence:ADV100-032-no_match_novel_lineage,sequence,True,True,,pass
node,assignment:ADV100-032-no_match_novel_lineage,assignment,True,True,,pass
node,claim_boundary:ADV100-032-no_match_novel_lineage,claim_boundary,True,True,,pass
node,sequence:ADV100-033-no_match_novel_lineage,sequence,True,True,,pass
node,assignment:ADV100-033-no_match_novel_lineage,assignment,True,True,,pass
node,claim_boundary:ADV100-033-no_match_novel_lineage,claim_boundary,True,True,,pass
node,sequence:ADV100-034-no_match_novel_lineage,sequence,True,True,,pass
node,assignment:ADV100-034-no_match_novel_lineage,assignment,True,True,,pass
node,claim_boundary:ADV100-034-no_match_novel_lineage,claim_boundary,True,True,,pass
node,sequence:ADV100-035-no_match_novel_lineage,sequence,True,True,,pass
node,assignment:ADV100-035-no_match_novel_lineage,assignment,True,True,,pass
node,claim_boundary:ADV100-035-no_match_novel_lineage,claim_boundary,True,True,,pass
node,sequence:ADV100-036-no_match_novel_lineage,sequence,True,True,,pass
node,assignment:ADV100-036-no_match_novel_lineage,assignment,True,True,,pass
node,claim_boundary:ADV100-036-no_match_novel_lineage,claim_boundary,True,True,,pass
node,sequence:ADV100-037-no_match_novel_lineage,sequence,True,True,,pass
node,assignment:ADV100-037-no_match_novel_lineage,assignment,True,True,,pass
node,claim_boundary:ADV100-037-no_match_novel_lineage,claim_boundary,True,True,,pass
node,sequence:ADV100-038-no_match_novel_lineage,sequence,True,True,,pass
node,assignment:ADV100-038-no_match_novel_lineage,assignment,True,True,,pass
node,claim_boundary:ADV100-038-no_match_novel_lineage,claim_boundary,True,True,,pass
node,sequence:ADV100-039-no_match_novel_lineage,sequence,True,True,,pass
node,assignment:ADV100-039-no_match_novel_lineage,assignment,True,True,,pass
node,claim_boundary:ADV100-039-no_match_novel_lineage,claim_boundary,True,True,,pass
node,sequence:ADV100-040-no_match_novel_lineage,sequence,True,True,,pass
node,assignment:ADV100-040-no_match_novel_lineage,assignment,True,True,,pass
node,claim_boundary:ADV100-040-no_match_novel_lineage,claim_boundary,True,True,,pass
node,sequence:ADV100-041-metadata_blocked_taxonomy_safe,sequence,True,True,,pass
node,assignment:ADV100-041-metadata_blocked_taxonomy_safe,assignment,True,True,,pass
node,claim_boundary:ADV100-041-metadata_blocked_taxonomy_safe,claim_boundary,True,True,,pass
node,blocker:78cdd7c7e0d6,blocker,True,True,,pass
node,blocker:bafd053aee5e,blocker,True,True,,pass
node,hit:ADV100-041-metadata_blocked_taxonomy_safe:BOLD:Aedes_albopictus,hit,True,True,,pass
node,sequence:ADV100-042-metadata_blocked_taxonomy_safe,sequence,True,True,,pass
node,assignment:ADV100-042-metadata_blocked_taxonomy_safe,assignment,True,True,,pass
node,claim_boundary:ADV100-042-metadata_blocked_taxonomy_safe,claim_boundary,True,True,,pass
node,hit:ADV100-042-metadata_blocked_taxonomy_safe:BOLD:Aedes_albopictus,hit,True,True,,pass
node,sequence:ADV100-043-metadata_blocked_taxonomy_safe,sequence,True,True,,pass
node,assignment:ADV100-043-metadata_blocked_taxonomy_safe,assignment,True,True,,pass
node,claim_boundary:ADV100-043-metadata_blocked_taxonomy_safe,claim_boundary,True,True,,pass
node,hit:ADV100-043-metadata_blocked_taxonomy_safe:BOLD:Aedes_albopictus,hit,True,True,,pass
node,sequence:ADV100-044-metadata_blocked_taxonomy_safe,sequence,True,True,,pass
node,assignment:ADV100-044-metadata_blocked_taxonomy_safe,assignment,True,True,,pass
node,claim_boundary:ADV100-044-metadata_blocked_taxonomy_safe,claim_boundary,True,True,,pass
node,hit:ADV100-044-metadata_blocked_taxonomy_safe:BOLD:Aedes_albopictus,hit,True,True,,pass
node,sequence:ADV100-045-metadata_blocked_taxonomy_safe,sequence,True,True,,pass
node,assignment:ADV100-045-metadata_blocked_taxonomy_safe,assignment,True,True,,pass
node,claim_boundary:ADV100-045-metadata_blocked_taxonomy_safe,claim_boundary,True,True,,pass
node,hit:ADV100-045-metadata_blocked_taxonomy_safe:BOLD:Aedes_albopictus,hit,True,True,,pass
node,sequence:ADV100-046-metadata_blocked_taxonomy_safe,sequence,True,True,,pass
node,assignment:ADV100-046-metadata_blocked_taxonomy_safe,assignment,True,True,,pass
node,claim_boundary:ADV100-046-metadata_blocked_taxonomy_safe,claim_boundary,True,True,,pass
node,hit:ADV100-046-metadata_blocked_taxonomy_safe:BOLD:Aedes_albopictus,hit,True,True,,pass
node,sequence:ADV100-047-metadata_blocked_taxonomy_safe,sequence,True,True,,pass
node,assignment:ADV100-047-metadata_blocked_taxonomy_safe,assignment,True,True,,pass
node,claim_boundary:ADV100-047-metadata_blocked_taxonomy_safe,claim_boundary,True,True,,pass
node,hit:ADV100-047-metadata_blocked_taxonomy_safe:BOLD:Aedes_albopictus,hit,True,True,,pass
node,sequence:ADV100-048-metadata_blocked_taxonomy_safe,sequence,True,True,,pass
node,assignment:ADV100-048-metadata_blocked_taxonomy_safe,assignment,True,True,,pass
node,claim_boundary:ADV100-048-metadata_blocked_taxonomy_safe,claim_boundary,True,True,,pass
node,hit:ADV100-048-metadata_blocked_taxonomy_safe:BOLD:Aedes_albopictus,hit,True,True,,pass
node,sequence:ADV100-049-metadata_blocked_taxonomy_safe,sequence,True,True,,pass
node,assignment:ADV100-049-metadata_blocked_taxonomy_safe,assignment,True,True,,pass
node,claim_boundary:ADV100-049-metadata_blocked_taxonomy_safe,claim_boundary,True,True,,pass
node,hit:ADV100-049-metadata_blocked_taxonomy_safe:BOLD:Aedes_albopictus,hit,True,True,,pass
node,sequence:ADV100-050-metadata_blocked_taxonomy_safe,sequence,True,True,,pass
node,assignment:ADV100-050-metadata_blocked_taxonomy_safe,assignment,True,True,,pass
node,claim_boundary:ADV100-050-metadata_blocked_taxonomy_safe,claim_boundary,True,True,,pass
node,hit:ADV100-050-metadata_blocked_taxonomy_safe:BOLD:Aedes_albopictus,hit,True,True,,pass
node,sequence:ADV100-051-assay_control_failure,sequence,True,True,,pass
node,assignment:ADV100-051-assay_control_failure,assignment,True,True,,pass
node,claim_boundary:ADV100-051-assay_control_failure,claim_boundary,True,True,,pass
node,blocker:604731622933,blocker,True,True,,pass
node,hit:ADV100-051-assay_control_failure:BOLD:Aedes_albopictus,hit,True,True,,pass
node,hit:ADV100-051-assay_control_failure:BOLD:Aedes_aegypti,hit,True,True,,pass
node,sequence:ADV100-052-assay_control_failure,sequence,True,True,,pass
node,assignment:ADV100-052-assay_control_failure,assignment,True,True,,pass
node,claim_boundary:ADV100-052-assay_control_failure,claim_boundary,True,True,,pass
node,hit:ADV100-052-assay_control_failure:BOLD:Aedes_albopictus,hit,True,True,,pass
node,hit:ADV100-052-assay_control_failure:BOLD:Aedes_aegypti,hit,True,True,,pass
node,sequence:ADV100-053-assay_control_failure,sequence,True,True,,pass
node,assignment:ADV100-053-assay_control_failure,assignment,True,True,,pass
node,claim_boundary:ADV100-053-assay_control_failure,claim_boundary,True,True,,pass
node,hit:ADV100-053-assay_control_failure:BOLD:Aedes_albopictus,hit,True,True,,pass
node,hit:ADV100-053-assay_control_failure:BOLD:Aedes_aegypti,hit,True,True,,pass
node,sequence:ADV100-054-assay_control_failure,sequence,True,True,,pass
node,assignment:ADV100-054-assay_control_failure,assignment,True,True,,pass
node,claim_boundary:ADV100-054-assay_control_failure,claim_boundary,True,True,,pass
node,hit:ADV100-054-assay_control_failure:BOLD:Aedes_albopictus,hit,True,True,,pass
node,hit:ADV100-054-assay_control_failure:BOLD:Aedes_aegypti,hit,True,True,,pass
node,sequence:ADV100-055-assay_control_failure,sequence,True,True,,pass
node,assignment:ADV100-055-assay_control_failure,assignment,True,True,,pass
node,claim_boundary:ADV100-055-assay_control_failure,claim_boundary,True,True,,pass
node,hit:ADV100-055-assay_control_failure:BOLD:Aedes_albopictus,hit,True,True,,pass
node,hit:ADV100-055-assay_control_failure:BOLD:Aedes_aegypti,hit,True,True,,pass
node,sequence:ADV100-056-assay_control_failure,sequence,True,True,,pass
node,assignment:ADV100-056-assay_control_failure,assignment,True,True,,pass
node,claim_boundary:ADV100-056-assay_control_failure,claim_boundary,True,True,,pass
node,hit:ADV100-056-assay_control_failure:BOLD:Aedes_albopictus,hit,True,True,,pass
node,hit:ADV100-056-assay_control_failure:BOLD:Aedes_aegypti,hit,True,True,,pass
node,sequence:ADV100-057-assay_control_failure,sequence,True,True,,pass
node,assignment:ADV100-057-assay_control_failure,assignment,True,True,,pass
node,claim_boundary:ADV100-057-assay_control_failure,claim_boundary,True,True,,pass
node,hit:ADV100-057-assay_control_failure:BOLD:Aedes_albopictus,hit,True,True,,pass
node,hit:ADV100-057-assay_control_failure:BOLD:Aedes_aegypti,hit,True,True,,pass
node,sequence:ADV100-058-assay_control_failure,sequence,True,True,,pass
node,assignment:ADV100-058-assay_control_failure,assignment,True,True,,pass
node,claim_boundary:ADV100-058-assay_control_failure,claim_boundary,True,True,,pass
node,hit:ADV100-058-assay_control_failure:BOLD:Aedes_albopictus,hit,True,True,,pass
node,hit:ADV100-058-assay_control_failure:BOLD:Aedes_aegypti,hit,True,True,,pass
node,sequence:ADV100-059-assay_control_failure,sequence,True,True,,pass
node,assignment:ADV100-059-assay_control_failure,assignment,True,True,,pass
node,claim_boundary:ADV100-059-assay_control_failure,claim_boundary,True,True,,pass
node,hit:ADV100-059-assay_control_failure:BOLD:Aedes_albopictus,hit,True,True,,pass
node,hit:ADV100-059-assay_control_failure:BOLD:Aedes_aegypti,hit,True,True,,pass
node,sequence:ADV100-060-assay_control_failure,sequence,True,True,,pass
node,assignment:ADV100-060-assay_control_failure,assignment,True,True,,pass
node,claim_boundary:ADV100-060-assay_control_failure,claim_boundary,True,True,,pass
node,hit:ADV100-060-assay_control_failure:BOLD:Aedes_albopictus,hit,True,True,,pass
node,hit:ADV100-060-assay_control_failure:BOLD:Aedes_aegypti,hit,True,True,,pass
node,sequence:ADV100-061-wrong_taxonomy_name_conflict,sequence,True,True,,pass
node,assignment:ADV100-061-wrong_taxonomy_name_conflict,assignment,True,True,,pass
node,claim_boundary:ADV100-061-wrong_taxonomy_name_conflict,claim_boundary,True,True,,pass
node,blocker:ae6b866524b3,blocker,True,True,,pass
node,hit:ADV100-061-wrong_taxonomy_name_conflict:BOLD:Aedes_albopictus,hit,True,True,,pass
node,hit:ADV100-061-wrong_taxonomy_name_conflict:BOLD:Aedes_aegypti,hit,True,True,,pass
node,sequence:ADV100-062-wrong_taxonomy_name_conflict,sequence,True,True,,pass
node,assignment:ADV100-062-wrong_taxonomy_name_conflict,assignment,True,True,,pass
node,claim_boundary:ADV100-062-wrong_taxonomy_name_conflict,claim_boundary,True,True,,pass
node,hit:ADV100-062-wrong_taxonomy_name_conflict:BOLD:Aedes_albopictus,hit,True,True,,pass
node,hit:ADV100-062-wrong_taxonomy_name_conflict:BOLD:Aedes_aegypti,hit,True,True,,pass
node,sequence:ADV100-063-wrong_taxonomy_name_conflict,sequence,True,True,,pass
node,assignment:ADV100-063-wrong_taxonomy_name_conflict,assignment,True,True,,pass
node,claim_boundary:ADV100-063-wrong_taxonomy_name_conflict,claim_boundary,True,True,,pass
node,hit:ADV100-063-wrong_taxonomy_name_conflict:BOLD:Aedes_albopictus,hit,True,True,,pass
node,hit:ADV100-063-wrong_taxonomy_name_conflict:BOLD:Aedes_aegypti,hit,True,True,,pass
node,sequence:ADV100-064-wrong_taxonomy_name_conflict,sequence,True,True,,pass
node,assignment:ADV100-064-wrong_taxonomy_name_conflict,assignment,True,True,,pass
node,claim_boundary:ADV100-064-wrong_taxonomy_name_conflict,claim_boundary,True,True,,pass
node,hit:ADV100-064-wrong_taxonomy_name_conflict:BOLD:Aedes_albopictus,hit,True,True,,pass
node,hit:ADV100-064-wrong_taxonomy_name_conflict:BOLD:Aedes_aegypti,hit,True,True,,pass
node,sequence:ADV100-065-wrong_taxonomy_name_conflict,sequence,True,True,,pass
node,assignment:ADV100-065-wrong_taxonomy_name_conflict,assignment,True,True,,pass
node,claim_boundary:ADV100-065-wrong_taxonomy_name_conflict,claim_boundary,True,True,,pass
node,hit:ADV100-065-wrong_taxonomy_name_conflict:BOLD:Aedes_albopictus,hit,True,True,,pass
node,hit:ADV100-065-wrong_taxonomy_name_conflict:BOLD:Aedes_aegypti,hit,True,True,,pass
node,sequence:ADV100-066-wrong_taxonomy_name_conflict,sequence,True,True,,pass
node,assignment:ADV100-066-wrong_taxonomy_name_conflict,assignment,True,True,,pass
node,claim_boundary:ADV100-066-wrong_taxonomy_name_conflict,claim_boundary,True,True,,pass
node,hit:ADV100-066-wrong_taxonomy_name_conflict:BOLD:Aedes_albopictus,hit,True,True,,pass
node,hit:ADV100-066-wrong_taxonomy_name_conflict:BOLD:Aedes_aegypti,hit,True,True,,pass
node,sequence:ADV100-067-wrong_taxonomy_name_conflict,sequence,True,True,,pass
node,assignment:ADV100-067-wrong_taxonomy_name_conflict,assignment,True,True,,pass
node,claim_boundary:ADV100-067-wrong_taxonomy_name_conflict,claim_boundary,True,True,,pass
node,hit:ADV100-067-wrong_taxonomy_name_conflict:BOLD:Aedes_albopictus,hit,True,True,,pass
node,hit:ADV100-067-wrong_taxonomy_name_conflict:BOLD:Aedes_aegypti,hit,True,True,,pass
node,sequence:ADV100-068-wrong_taxonomy_name_conflict,sequence,True,True,,pass
node,assignment:ADV100-068-wrong_taxonomy_name_conflict,assignment,True,True,,pass
node,claim_boundary:ADV100-068-wrong_taxonomy_name_conflict,claim_boundary,True,True,,pass
node,hit:ADV100-068-wrong_taxonomy_name_conflict:BOLD:Aedes_albopictus,hit,True,True,,pass
node,hit:ADV100-068-wrong_taxonomy_name_conflict:BOLD:Aedes_aegypti,hit,True,True,,pass
node,sequence:ADV100-069-wrong_taxonomy_name_conflict,sequence,True,True,,pass
node,assignment:ADV100-069-wrong_taxonomy_name_conflict,assignment,True,True,,pass
node,claim_boundary:ADV100-069-wrong_taxonomy_name_conflict,claim_boundary,True,True,,pass
node,hit:ADV100-069-wrong_taxonomy_name_conflict:BOLD:Aedes_albopictus,hit,True,True,,pass
node,hit:ADV100-069-wrong_taxonomy_name_conflict:BOLD:Aedes_aegypti,hit,True,True,,pass
node,sequence:ADV100-070-wrong_taxonomy_name_conflict,sequence,True,True,,pass
node,assignment:ADV100-070-wrong_taxonomy_name_conflict,assignment,True,True,,pass
node,claim_boundary:ADV100-070-wrong_taxonomy_name_conflict,claim_boundary,True,True,,pass
node,hit:ADV100-070-wrong_taxonomy_name_conflict:BOLD:Aedes_albopictus,hit,True,True,,pass
node,hit:ADV100-070-wrong_taxonomy_name_conflict:BOLD:Aedes_aegypti,hit,True,True,,pass
node,sequence:ADV100-071-genome_segment_non_barcode_marker,sequence,True,True,,pass
node,assignment:ADV100-071-genome_segment_non_barcode_marker,assignment,True,True,,pass
node,claim_boundary:ADV100-071-genome_segment_non_barcode_marker,claim_boundary,True,True,,pass
node,blocker:a7ebb51e01a7,blocker,True,True,,pass
node,hit:ADV100-071-genome_segment_non_barcode_marker:BOLD:Aedes_albopictus,hit,True,True,,pass
node,sequence:ADV100-072-genome_segment_non_barcode_marker,sequence,True,True,,pass
node,assignment:ADV100-072-genome_segment_non_barcode_marker,assignment,True,True,,pass
node,claim_boundary:ADV100-072-genome_segment_non_barcode_marker,claim_boundary,True,True,,pass
node,hit:ADV100-072-genome_segment_non_barcode_marker:BOLD:Aedes_albopictus,hit,True,True,,pass
node,sequence:ADV100-073-genome_segment_non_barcode_marker,sequence,True,True,,pass
node,assignment:ADV100-073-genome_segment_non_barcode_marker,assignment,True,True,,pass
node,claim_boundary:ADV100-073-genome_segment_non_barcode_marker,claim_boundary,True,True,,pass
node,hit:ADV100-073-genome_segment_non_barcode_marker:BOLD:Aedes_albopictus,hit,True,True,,pass
node,sequence:ADV100-074-genome_segment_non_barcode_marker,sequence,True,True,,pass
node,assignment:ADV100-074-genome_segment_non_barcode_marker,assignment,True,True,,pass
node,claim_boundary:ADV100-074-genome_segment_non_barcode_marker,claim_boundary,True,True,,pass
node,hit:ADV100-074-genome_segment_non_barcode_marker:BOLD:Aedes_albopictus,hit,True,True,,pass
node,sequence:ADV100-075-genome_segment_non_barcode_marker,sequence,True,True,,pass
node,assignment:ADV100-075-genome_segment_non_barcode_marker,assignment,True,True,,pass
node,claim_boundary:ADV100-075-genome_segment_non_barcode_marker,claim_boundary,True,True,,pass
node,hit:ADV100-075-genome_segment_non_barcode_marker:BOLD:Aedes_albopictus,hit,True,True,,pass
node,sequence:ADV100-076-genome_segment_non_barcode_marker,sequence,True,True,,pass
node,assignment:ADV100-076-genome_segment_non_barcode_marker,assignment,True,True,,pass
node,claim_boundary:ADV100-076-genome_segment_non_barcode_marker,claim_boundary,True,True,,pass
node,hit:ADV100-076-genome_segment_non_barcode_marker:BOLD:Aedes_albopictus,hit,True,True,,pass
node,sequence:ADV100-077-genome_segment_non_barcode_marker,sequence,True,True,,pass
node,assignment:ADV100-077-genome_segment_non_barcode_marker,assignment,True,True,,pass
node,claim_boundary:ADV100-077-genome_segment_non_barcode_marker,claim_boundary,True,True,,pass
node,hit:ADV100-077-genome_segment_non_barcode_marker:BOLD:Aedes_albopictus,hit,True,True,,pass
node,sequence:ADV100-078-genome_segment_non_barcode_marker,sequence,True,True,,pass
node,assignment:ADV100-078-genome_segment_non_barcode_marker,assignment,True,True,,pass
node,claim_boundary:ADV100-078-genome_segment_non_barcode_marker,claim_boundary,True,True,,pass
node,hit:ADV100-078-genome_segment_non_barcode_marker:BOLD:Aedes_albopictus,hit,True,True,,pass
node,sequence:ADV100-079-genome_segment_non_barcode_marker,sequence,True,True,,pass
node,assignment:ADV100-079-genome_segment_non_barcode_marker,assignment,True,True,,pass
node,claim_boundary:ADV100-079-genome_segment_non_barcode_marker,claim_boundary,True,True,,pass
node,hit:ADV100-079-genome_segment_non_barcode_marker:BOLD:Aedes_albopictus,hit,True,True,,pass
node,sequence:ADV100-080-genome_segment_non_barcode_marker,sequence,True,True,,pass
node,assignment:ADV100-080-genome_segment_non_barcode_marker,assignment,True,True,,pass
node,claim_boundary:ADV100-080-genome_segment_non_barcode_marker,claim_boundary,True,True,,pass
node,hit:ADV100-080-genome_segment_non_barcode_marker:BOLD:Aedes_albopictus,hit,True,True,,pass
node,sequence:ADV100-081-negative_barcode_gap,sequence,True,True,,pass
node,assignment:ADV100-081-negative_barcode_gap,assignment,True,True,,pass
node,claim_boundary:ADV100-081-negative_barcode_gap,claim_boundary,True,True,,pass
node,blocker:e2ab7514302d,blocker,True,True,,pass
node,hit:ADV100-081-negative_barcode_gap:BOLD:Aedes_albopictus,hit,True,True,,pass
node,hit:ADV100-081-negative_barcode_gap:BOLD:Aedes_aegypti,hit,True,True,,pass
node,sequence:ADV100-082-negative_barcode_gap,sequence,True,True,,pass
node,assignment:ADV100-082-negative_barcode_gap,assignment,True,True,,pass
node,claim_boundary:ADV100-082-negative_barcode_gap,claim_boundary,True,True,,pass
node,hit:ADV100-082-negative_barcode_gap:BOLD:Aedes_albopictus,hit,True,True,,pass
node,hit:ADV100-082-negative_barcode_gap:BOLD:Aedes_aegypti,hit,True,True,,pass
node,sequence:ADV100-083-negative_barcode_gap,sequence,True,True,,pass
node,assignment:ADV100-083-negative_barcode_gap,assignment,True,True,,pass
node,claim_boundary:ADV100-083-negative_barcode_gap,claim_boundary,True,True,,pass
node,hit:ADV100-083-negative_barcode_gap:BOLD:Aedes_albopictus,hit,True,True,,pass
node,hit:ADV100-083-negative_barcode_gap:BOLD:Aedes_aegypti,hit,True,True,,pass
node,sequence:ADV100-084-negative_barcode_gap,sequence,True,True,,pass
node,assignment:ADV100-084-negative_barcode_gap,assignment,True,True,,pass
node,claim_boundary:ADV100-084-negative_barcode_gap,claim_boundary,True,True,,pass
node,hit:ADV100-084-negative_barcode_gap:BOLD:Aedes_albopictus,hit,True,True,,pass
node,hit:ADV100-084-negative_barcode_gap:BOLD:Aedes_aegypti,hit,True,True,,pass
node,sequence:ADV100-085-negative_barcode_gap,sequence,True,True,,pass
node,assignment:ADV100-085-negative_barcode_gap,assignment,True,True,,pass
node,claim_boundary:ADV100-085-negative_barcode_gap,claim_boundary,True,True,,pass
node,hit:ADV100-085-negative_barcode_gap:BOLD:Aedes_albopictus,hit,True,True,,pass
node,hit:ADV100-085-negative_barcode_gap:BOLD:Aedes_aegypti,hit,True,True,,pass
node,sequence:ADV100-086-negative_barcode_gap,sequence,True,True,,pass
node,assignment:ADV100-086-negative_barcode_gap,assignment,True,True,,pass
node,claim_boundary:ADV100-086-negative_barcode_gap,claim_boundary,True,True,,pass
node,hit:ADV100-086-negative_barcode_gap:BOLD:Aedes_albopictus,hit,True,True,,pass
node,hit:ADV100-086-negative_barcode_gap:BOLD:Aedes_aegypti,hit,True,True,,pass
node,sequence:ADV100-087-negative_barcode_gap,sequence,True,True,,pass
node,assignment:ADV100-087-negative_barcode_gap,assignment,True,True,,pass
node,claim_boundary:ADV100-087-negative_barcode_gap,claim_boundary,True,True,,pass
node,hit:ADV100-087-negative_barcode_gap:BOLD:Aedes_albopictus,hit,True,True,,pass
node,hit:ADV100-087-negative_barcode_gap:BOLD:Aedes_aegypti,hit,True,True,,pass
node,sequence:ADV100-088-negative_barcode_gap,sequence,True,True,,pass
node,assignment:ADV100-088-negative_barcode_gap,assignment,True,True,,pass
node,claim_boundary:ADV100-088-negative_barcode_gap,claim_boundary,True,True,,pass
node,hit:ADV100-088-negative_barcode_gap:BOLD:Aedes_albopictus,hit,True,True,,pass
node,hit:ADV100-088-negative_barcode_gap:BOLD:Aedes_aegypti,hit,True,True,,pass
node,sequence:ADV100-089-negative_barcode_gap,sequence,True,True,,pass
node,assignment:ADV100-089-negative_barcode_gap,assignment,True,True,,pass
node,claim_boundary:ADV100-089-negative_barcode_gap,claim_boundary,True,True,,pass
node,hit:ADV100-089-negative_barcode_gap:BOLD:Aedes_albopictus,hit,True,True,,pass
node,hit:ADV100-089-negative_barcode_gap:BOLD:Aedes_aegypti,hit,True,True,,pass
node,sequence:ADV100-090-negative_barcode_gap,sequence,True,True,,pass
node,assignment:ADV100-090-negative_barcode_gap,assignment,True,True,,pass
node,claim_boundary:ADV100-090-negative_barcode_gap,claim_boundary,True,True,,pass
node,hit:ADV100-090-negative_barcode_gap:BOLD:Aedes_albopictus,hit,True,True,,pass
node,hit:ADV100-090-negative_barcode_gap:BOLD:Aedes_aegypti,hit,True,True,,pass
node,sequence:ADV100-091-missing_diagnostic_kmer,sequence,True,True,,pass
node,assignment:ADV100-091-missing_diagnostic_kmer,assignment,True,True,,pass
node,claim_boundary:ADV100-091-missing_diagnostic_kmer,claim_boundary,True,True,,pass
node,blocker:af929553ea3e,blocker,True,True,,pass
node,hit:ADV100-091-missing_diagnostic_kmer:BOLD:Aedes_albopictus,hit,True,True,,pass
node,hit:ADV100-091-missing_diagnostic_kmer:BOLD:Aedes_aegypti,hit,True,True,,pass
node,sequence:ADV100-092-missing_diagnostic_kmer,sequence,True,True,,pass
node,assignment:ADV100-092-missing_diagnostic_kmer,assignment,True,True,,pass
node,claim_boundary:ADV100-092-missing_diagnostic_kmer,claim_boundary,True,True,,pass
node,hit:ADV100-092-missing_diagnostic_kmer:BOLD:Aedes_albopictus,hit,True,True,,pass
node,hit:ADV100-092-missing_diagnostic_kmer:BOLD:Aedes_aegypti,hit,True,True,,pass
node,sequence:ADV100-093-missing_diagnostic_kmer,sequence,True,True,,pass
node,assignment:ADV100-093-missing_diagnostic_kmer,assignment,True,True,,pass
node,claim_boundary:ADV100-093-missing_diagnostic_kmer,claim_boundary,True,True,,pass
node,hit:ADV100-093-missing_diagnostic_kmer:BOLD:Aedes_albopictus,hit,True,True,,pass
node,hit:ADV100-093-missing_diagnostic_kmer:BOLD:Aedes_aegypti,hit,True,True,,pass
node,sequence:ADV100-094-missing_diagnostic_kmer,sequence,True,True,,pass
node,assignment:ADV100-094-missing_diagnostic_kmer,assignment,True,True,,pass
node,claim_boundary:ADV100-094-missing_diagnostic_kmer,claim_boundary,True,True,,pass
node,hit:ADV100-094-missing_diagnostic_kmer:BOLD:Aedes_albopictus,hit,True,True,,pass
node,hit:ADV100-094-missing_diagnostic_kmer:BOLD:Aedes_aegypti,hit,True,True,,pass
node,sequence:ADV100-095-missing_diagnostic_kmer,sequence,True,True,,pass
node,assignment:ADV100-095-missing_diagnostic_kmer,assignment,True,True,,pass
node,claim_boundary:ADV100-095-missing_diagnostic_kmer,claim_boundary,True,True,,pass
node,hit:ADV100-095-missing_diagnostic_kmer:BOLD:Aedes_albopictus,hit,True,True,,pass
node,hit:ADV100-095-missing_diagnostic_kmer:BOLD:Aedes_aegypti,hit,True,True,,pass
node,sequence:ADV100-096-missing_diagnostic_kmer,sequence,True,True,,pass
node,assignment:ADV100-096-missing_diagnostic_kmer,assignment,True,True,,pass
node,claim_boundary:ADV100-096-missing_diagnostic_kmer,claim_boundary,True,True,,pass
node,hit:ADV100-096-missing_diagnostic_kmer:BOLD:Aedes_albopictus,hit,True,True,,pass
node,hit:ADV100-096-missing_diagnostic_kmer:BOLD:Aedes_aegypti,hit,True,True,,pass
node,sequence:ADV100-097-missing_diagnostic_kmer,sequence,True,True,,pass
node,assignment:ADV100-097-missing_diagnostic_kmer,assignment,True,True,,pass
node,claim_boundary:ADV100-097-missing_diagnostic_kmer,claim_boundary,True,True,,pass
node,hit:ADV100-097-missing_diagnostic_kmer:BOLD:Aedes_albopictus,hit,True,True,,pass
node,hit:ADV100-097-missing_diagnostic_kmer:BOLD:Aedes_aegypti,hit,True,True,,pass
node,sequence:ADV100-098-missing_diagnostic_kmer,sequence,True,True,,pass
node,assignment:ADV100-098-missing_diagnostic_kmer,assignment,True,True,,pass
node,claim_boundary:ADV100-098-missing_diagnostic_kmer,claim_boundary,True,True,,pass
node,hit:ADV100-098-missing_diagnostic_kmer:BOLD:Aedes_albopictus,hit,True,True,,pass
node,hit:ADV100-098-missing_diagnostic_kmer:BOLD:Aedes_aegypti,hit,True,True,,pass
node,sequence:ADV100-099-missing_diagnostic_kmer,sequence,True,True,,pass
node,assignment:ADV100-099-missing_diagnostic_kmer,assignment,True,True,,pass
node,claim_boundary:ADV100-099-missing_diagnostic_kmer,claim_boundary,True,True,,pass
node,hit:ADV100-099-missing_diagnostic_kmer:BOLD:Aedes_albopictus,hit,True,True,,pass
node,hit:ADV100-099-missing_diagnostic_kmer:BOLD:Aedes_aegypti,hit,True,True,,pass
node,sequence:ADV100-100-missing_diagnostic_kmer,sequence,True,True,,pass
node,assignment:ADV100-100-missing_diagnostic_kmer,assignment,True,True,,pass
node,claim_boundary:ADV100-100-missing_diagnostic_kmer,claim_boundary,True,True,,pass
node,hit:ADV100-100-missing_diagnostic_kmer:BOLD:Aedes_albopictus,hit,True,True,,pass
node,hit:ADV100-100-missing_diagnostic_kmer:BOLD:Aedes_aegypti,hit,True,True,,pass
node,artifact:adversarial_report.md,artifact,True,True,,pass
node,artifact:ai_dataset_export_audit.csv,artifact,True,True,,pass
node,artifact:ai_output_guardrail_audit.csv,artifact,True,True,,pass
node,artifact:ambiguous_sequences.csv,artifact,True,True,,pass
node,artifact:artifact_checksums.json,artifact,True,True,,pass
node,artifact:assay_gate_audit.csv,artifact,True,True,,pass
node,artifact:barcode_gap_report.csv,artifact,True,True,,pass
node,artifact:ci_math_oracle_report.json,artifact,True,True,,pass
node,artifact:citations.md,artifact,True,True,,pass
node,artifact:claim_boundaries.csv,artifact,True,True,,pass
node,artifact:contamination_context_audit.csv,artifact,True,True,,pass
node,artifact:contradiction_audit.csv,artifact,True,True,,pass
node,artifact:cross_marker_consensus.csv,artifact,True,True,,pass
node,artifact:data_accounting_ledger.csv,artifact,True,True,,pass
node,artifact:diagnostic_kmer_report.csv,artifact,True,True,,pass
node,artifact:dna_derived_extension_gbif_ready.csv,artifact,True,True,,pass
node,artifact:dna_derived_extension_publishable.csv,artifact,True,True,,pass
node,artifact:dna_derived_extension_template.csv,artifact,True,True,,pass
node,artifact:dna_extension_readiness.csv,artifact,True,True,,pass
node,artifact:domain_annotation_audit.csv,artifact,True,True,,pass
node,artifact:domain_to_function_boundary_audit.csv,artifact,True,True,,pass
node,artifact:dwc_occurrence_core_gbif_ready.csv,artifact,True,True,,pass
node,artifact:dwc_occurrence_core_publishable.csv,artifact,True,True,,pass
node,artifact:dwc_occurrence_core_readiness.csv,artifact,True,True,,pass
node,artifact:dwc_occurrence_core_review.csv,artifact,True,True,,pass
node,artifact:dwc_occurrence_core_review_or_repair.csv,artifact,True,True,,pass
node,artifact:dwc_occurrence_core_template.csv,artifact,True,True,,pass
node,artifact:evidence_graph.json,artifact,True,True,,pass
node,artifact:evidence_graph.jsonld,artifact,True,True,,pass
node,artifact:evidence_pack.json,artifact,True,True,,pass
node,artifact:evidence_pack.zip,artifact,True,True,,pass
node,artifact:evolutionary_risk_caveat_audit.csv,artifact,True,True,,pass
node,artifact:external_tool_adapter_matrix.csv,artifact,True,True,,pass
node,artifact:fdr_audit.csv,artifact,True,True,,pass
node,artifact:function_claim_boundary_audit.csv,artifact,True,True,,pass
node,artifact:gbif_backbone_matches.csv,artifact,True,True,,pass
node,artifact:graph_provenance_audit.csv,artifact,True,True,,pass
node,artifact:graph_roundtrip_audit.json,artifact,True,True,,pass
node,artifact:gseg_graph_schema.json,artifact,True,True,,pass
node,artifact:gsig_graph_schema.yaml,artifact,True,True,,pass
node,artifact:hard_gate_audit.csv,artifact,True,True,,pass
node,artifact:judge_reproducibility_report.md,artifact,True,True,,pass
node,artifact:literature_claim_state_audit.csv,artifact,True,True,,pass
node,artifact:literature_extraction_confidence.csv,artifact,True,True,,pass
node,artifact:manual_review_audit.csv,artifact,True,True,,pass
node,artifact:marker_profile_audit.csv,artifact,True,True,,pass
node,artifact:match_gate_audit.csv,artifact,True,True,,pass
node,artifact:metadata_bottlenecks.csv,artifact,True,True,,pass
node,artifact:methods_text.md,artifact,True,True,,pass
node,artifact:molecular_evidence_report.html,artifact,True,True,,pass
node,artifact:naive_top_hit_overclaims.csv,artifact,True,True,,pass
node,artifact:nexus_v3_summary.json,artifact,True,True,,pass
node,artifact:ontology_version_audit.csv,artifact,True,True,,pass
node,artifact:orf_translation_audit.csv,artifact,True,True,,pass
node,artifact:proof_by_failure_modes.md,artifact,True,True,,pass
node,artifact:publication_blockers.csv,artifact,True,True,,pass
node,artifact:publication_integrity_audit.csv,artifact,True,True,,pass
node,artifact:query_smoke_report.md,artifact,True,True,,pass
node,artifact:reference_completeness_audit.csv,artifact,True,True,,pass
node,artifact:reference_gap_index.csv,artifact,True,True,,pass
node,artifact:reference_manifest.json,artifact,True,True,,pass
node,artifact:repair_gain_estimates.csv,artifact,True,True,,pass
node,artifact:repair_plan.csv,artifact,True,True,,pass
node,artifact:repairability_audit.csv,artifact,True,True,,pass
node,artifact:report_consistency_audit.csv,artifact,True,True,,pass
node,artifact:review_taxonomic_hints.csv,artifact,True,True,,pass
node,artifact:ruleset_diff_report.json,artifact,True,True,,pass
node,artifact:run.json,artifact,True,True,,pass
node,artifact:safe_taxonomic_assignments.csv,artifact,True,True,,pass
node,artifact:segment_canonicalization_audit.csv,artifact,True,True,,pass
node,artifact:segment_cluster_audit.csv,artifact,True,True,,pass
node,artifact:segment_overlap_report.csv,artifact,True,True,,pass
node,artifact:segment_safe_taxa.csv,artifact,True,True,,pass
node,artifact:segment_taxon_matrix_audit.csv,artifact,True,True,,pass
node,artifact:segment_trait_matrix_audit.csv,artifact,True,True,,pass
node,artifact:segments.csv,artifact,True,True,,pass
node,artifact:sequence_safety_table.csv,artifact,True,True,,pass
node,artifact:sharedness_overclaim_audit.csv,artifact,True,True,,pass
node,artifact:source_license_audit.csv,artifact,True,True,,pass
node,artifact:source_provenance_manifest.json,artifact,True,True,,pass
node,artifact:state_machine_audit.csv,artifact,True,True,,pass
node,artifact:theorem_checklist.json,artifact,True,True,,pass
node,artifact:trait_association_confounding_audit.csv,artifact,True,True,,pass
node,artifact:trait_function_evidence_audit.csv,artifact,True,True,,pass
node,artifact:validation_fold_metrics.csv,artifact,True,True,,pass
node,artifact:verified_segment_evidence_array.csv,artifact,True,True,,pass
node,artifact:verified_segment_evidence_array.jsonl,artifact,True,True,,pass
node,artifact:verified_segment_evidence_array.parquet,artifact,True,True,,pass
node,artifact:vsea_graph_reconciliation.csv,artifact,True,True,,pass
edge,edge:d5e984f2b9550796,frozen_against,True,True,,pass
edge,edge:f54769480a4f3f0f,contains_sequence,True,True,,pass
edge,edge:2b2f1f88915073a9,receives_assignment,True,True,,pass
edge,edge:c312f85c70819850,supports_taxon,True,True,,pass
edge,edge:1fe5223e2a7a88c3,bounded_by,True,True,,pass
edge,edge:1314773289d68a9f,matches_reference,True,True,,pass
edge,edge:113fb33cb0e8a803,matches_reference,True,True,,pass
edge,edge:a32b4874ae1a8f01,contains_sequence,True,True,,pass
edge,edge:f42ffdaa0f44bb0b,receives_assignment,True,True,,pass
edge,edge:9b15530914f841a2,supports_taxon,True,True,,pass
edge,edge:93c40494958b0d69,bounded_by,True,True,,pass
edge,edge:580c85be9588d774,matches_reference,True,True,,pass
edge,edge:5e300bbdcd34825e,matches_reference,True,True,,pass
edge,edge:bd5ba63ae0042940,contains_sequence,True,True,,pass
edge,edge:93899dd2b2012a0a,receives_assignment,True,True,,pass
edge,edge:95deb5d6be0205e1,supports_taxon,True,True,,pass
edge,edge:b5aea7441ef916a3,bounded_by,True,True,,pass
edge,edge:266a22103e0dd0db,matches_reference,True,True,,pass
edge,edge:336d53998be96016,matches_reference,True,True,,pass
edge,edge:d29809b3a503a877,contains_sequence,True,True,,pass
edge,edge:2529cc4502f602ff,receives_assignment,True,True,,pass
edge,edge:ffd9dcc8b0d176cb,supports_taxon,True,True,,pass
edge,edge:e8a962fe3f268378,bounded_by,True,True,,pass
edge,edge:8d05a09946ed6008,matches_reference,True,True,,pass
edge,edge:eea7c628908402a2,matches_reference,True,True,,pass
edge,edge:a87b65e53772c375,contains_sequence,True,True,,pass
edge,edge:250df2c57c09518f,receives_assignment,True,True,,pass
edge,edge:16c0bec75df214de,supports_taxon,True,True,,pass
edge,edge:95fc1d937c28e974,bounded_by,True,True,,pass
edge,edge:449dae0f63a629ed,matches_reference,True,True,,pass
edge,edge:850fef7e5f5b5361,matches_reference,True,True,,pass
edge,edge:5fb862c50c58687e,contains_sequence,True,True,,pass
edge,edge:bc34fe2eae5ffb6f,receives_assignment,True,True,,pass
edge,edge:b06dc2eb356b4db0,supports_taxon,True,True,,pass
edge,edge:4e4f8a8d98483a8d,bounded_by,True,True,,pass
edge,edge:22a8f37138a373c5,matches_reference,True,True,,pass
edge,edge:04f2bee142df6b44,matches_reference,True,True,,pass
edge,edge:38794e03b4d1b930,contains_sequence,True,True,,pass
edge,edge:802ba6bb7691b6e1,receives_assignment,True,True,,pass
edge,edge:ec6b9df47f64f766,supports_taxon,True,True,,pass
edge,edge:3d0f3e894310de57,bounded_by,True,True,,pass
edge,edge:57294b06f9fc63d3,matches_reference,True,True,,pass
edge,edge:992046989c5259b9,matches_reference,True,True,,pass
edge,edge:f7530e72c9f242af,contains_sequence,True,True,,pass
edge,edge:6d4d0da4f8f30d5a,receives_assignment,True,True,,pass
edge,edge:62ae6bf6e608fdd5,supports_taxon,True,True,,pass
edge,edge:f89502c29bb7654a,bounded_by,True,True,,pass
edge,edge:862a7a6411d28189,matches_reference,True,True,,pass
edge,edge:b2517cfc89657876,matches_reference,True,True,,pass
edge,edge:bd234959fe6f9f50,contains_sequence,True,True,,pass
edge,edge:499d550eb6bb6dde,receives_assignment,True,True,,pass
edge,edge:83b8f9c0c5689125,supports_taxon,True,True,,pass
edge,edge:2a7ed9d6d92d0c4c,bounded_by,True,True,,pass
edge,edge:0c023ddd7831acc4,matches_reference,True,True,,pass
edge,edge:384ddeca17b26acf,matches_reference,True,True,,pass
edge,edge:f7d1b45f3f6ec233,contains_sequence,True,True,,pass
edge,edge:02ed84d3f36c3ee0,receives_assignment,True,True,,pass
edge,edge:4234750ad7ad36d9,supports_taxon,True,True,,pass
edge,edge:4b807f7d77609ab2,bounded_by,True,True,,pass
edge,edge:2cc0c2f8bf263f54,matches_reference,True,True,,pass
edge,edge:5541e5d906535004,matches_reference,True,True,,pass
edge,edge:54a89439b549f1bf,contains_sequence,True,True,,pass
edge,edge:68c273abd8470cce,receives_assignment,True,True,,pass
edge,edge:22d2f1b586c67f84,supports_taxon,True,True,,pass
edge,edge:b163129c5cdc6a10,bounded_by,True,True,,pass
edge,edge:f41e16417adc1ba3,blocked_by,True,True,,pass
edge,edge:d707d77c41435ce2,matches_reference,True,True,,pass
edge,edge:049097107e0962be,matches_reference,True,True,,pass
edge,edge:7d92f7272beaa8a7,contains_sequence,True,True,,pass
edge,edge:5e8af80c0210a4b8,receives_assignment,True,True,,pass
edge,edge:2aa9da867b318f30,supports_taxon,True,True,,pass
edge,edge:7ca59f327697770c,bounded_by,True,True,,pass
edge,edge:5acd83c7522bed06,blocked_by,True,True,,pass
edge,edge:e9b71ab7dc08c0c2,matches_reference,True,True,,pass
edge,edge:46b37bdcf5d27aac,matches_reference,True,True,,pass
edge,edge:69abab3ac267e97e,contains_sequence,True,True,,pass
edge,edge:e0f616c33934c128,receives_assignment,True,True,,pass
edge,edge:8980c7561f73d82d,supports_taxon,True,True,,pass
edge,edge:e5ecf86060711215,bounded_by,True,True,,pass
edge,edge:4889c50678fb0dcd,blocked_by,True,True,,pass
edge,edge:2d87fa1eea692c04,matches_reference,True,True,,pass
edge,edge:af893d332dc2de45,matches_reference,True,True,,pass
edge,edge:f5bed5c82e5a3b58,contains_sequence,True,True,,pass
edge,edge:e6cd4513c4888c09,receives_assignment,True,True,,pass
edge,edge:73afcfe8d83e8606,supports_taxon,True,True,,pass
edge,edge:8d19206e6967047a,bounded_by,True,True,,pass
edge,edge:df0b2261d617c67f,blocked_by,True,True,,pass
edge,edge:b2ab507d4998b618,matches_reference,True,True,,pass
edge,edge:9c3cf568d9131424,matches_reference,True,True,,pass
edge,edge:252a70cdf514c902,contains_sequence,True,True,,pass
edge,edge:e8900495abe13b6a,receives_assignment,True,True,,pass
edge,edge:fd7b038dcee7fe24,supports_taxon,True,True,,pass
edge,edge:a25dd02e68615cad,bounded_by,True,True,,pass
edge,edge:3790418dce2692d6,blocked_by,True,True,,pass
edge,edge:e2a0ce17ffffa5d9,matches_reference,True,True,,pass
edge,edge:6a92ab2db914facd,matches_reference,True,True,,pass
edge,edge:12292ccfdf1a8d0e,contains_sequence,True,True,,pass
edge,edge:db5584facbdd1872,receives_assignment,True,True,,pass
edge,edge:7f01f909256da7bc,supports_taxon,True,True,,pass
edge,edge:56c36aaea4f4b67e,bounded_by,True,True,,pass
edge,edge:373375871c75a947,blocked_by,True,True,,pass
edge,edge:7230d476703d20a2,matches_reference,True,True,,pass
edge,edge:a1c7527ac5f2dfa3,matches_reference,True,True,,pass
edge,edge:d8510c801de1f517,contains_sequence,True,True,,pass
edge,edge:57fdb37c2982dd2a,receives_assignment,True,True,,pass
edge,edge:9c992959fbee76be,supports_taxon,True,True,,pass
edge,edge:702ad726a6a898b0,bounded_by,True,True,,pass
edge,edge:ae59f12d77c741d7,blocked_by,True,True,,pass
edge,edge:d0a26ddf5db630d4,matches_reference,True,True,,pass
edge,edge:39cc98b624282341,matches_reference,True,True,,pass
edge,edge:89c527ff3b8ba16d,contains_sequence,True,True,,pass
edge,edge:5d5ff41011661893,receives_assignment,True,True,,pass
edge,edge:ff2e8fa99bc3158e,supports_taxon,True,True,,pass
edge,edge:c7469e6be0dfe50c,bounded_by,True,True,,pass
edge,edge:e97619cecb9fc43b,blocked_by,True,True,,pass
edge,edge:33ed98faa1353b29,matches_reference,True,True,,pass
edge,edge:f0838559ee4e747d,matches_reference,True,True,,pass
edge,edge:4a6d7f974ccb487c,contains_sequence,True,True,,pass
edge,edge:826ad2d5bf3566d7,receives_assignment,True,True,,pass
edge,edge:88c8e7f49d2d8331,supports_taxon,True,True,,pass
edge,edge:fe04ad3569986128,bounded_by,True,True,,pass
edge,edge:54884075112de8d5,blocked_by,True,True,,pass
edge,edge:b3ff08f0e1b06e95,matches_reference,True,True,,pass
edge,edge:634251f635c924b5,matches_reference,True,True,,pass
edge,edge:baa25ee15c5c9bf1,contains_sequence,True,True,,pass
edge,edge:75d0aaba2d32d724,receives_assignment,True,True,,pass
edge,edge:2cbdcb3934ddb8c2,supports_taxon,True,True,,pass
edge,edge:efb019aa8d0467f8,bounded_by,True,True,,pass
edge,edge:85090d2364da30f2,blocked_by,True,True,,pass
edge,edge:14081596792ceca3,matches_reference,True,True,,pass
edge,edge:abce4a89ad73d4a4,matches_reference,True,True,,pass
edge,edge:2ee44b77d7e1d1f0,contains_sequence,True,True,,pass
edge,edge:ddb2fc6883a5bbe8,receives_assignment,True,True,,pass
edge,edge:485285559bd007e5,supports_taxon,True,True,,pass
edge,edge:fe086b777653ec5e,bounded_by,True,True,,pass
edge,edge:b08ac621210a8f9c,blocked_by,True,True,,pass
edge,edge:5247202d3b4282af,blocked_by,True,True,,pass
edge,edge:75917e19f69c0212,matches_reference,True,True,,pass
edge,edge:c91e64f2cfaafb0d,contains_sequence,True,True,,pass
edge,edge:0b2d7e1d438f7127,receives_assignment,True,True,,pass
edge,edge:cb0abe9d60d16a1b,supports_taxon,True,True,,pass
edge,edge:cc9f77d3a5a6a16e,bounded_by,True,True,,pass
edge,edge:1bb6e845912cf6de,blocked_by,True,True,,pass
edge,edge:d7e2a4f6466b7292,blocked_by,True,True,,pass
edge,edge:635dc2baf079d9a2,matches_reference,True,True,,pass
edge,edge:af6801e28cef7b5b,contains_sequence,True,True,,pass
edge,edge:5d6611782c932f44,receives_assignment,True,True,,pass
edge,edge:fa99c40bf7587aba,supports_taxon,True,True,,pass
edge,edge:a96d1d68e65f65c9,bounded_by,True,True,,pass
edge,edge:99cc86e5a068a241,blocked_by,True,True,,pass
edge,edge:c6f2f1b0156794bf,blocked_by,True,True,,pass
edge,edge:ce50baf86ea99446,matches_reference,True,True,,pass
edge,edge:0b5f054bbed8b669,contains_sequence,True,True,,pass
edge,edge:4724e66f5c1a559b,receives_assignment,True,True,,pass
edge,edge:c6193441c9312b6c,supports_taxon,True,True,,pass
edge,edge:c5be70095fb3f5fe,bounded_by,True,True,,pass
edge,edge:7538d8842170d07e,blocked_by,True,True,,pass
edge,edge:d6e6394fd05da504,blocked_by,True,True,,pass
edge,edge:21eb15773422a579,matches_reference,True,True,,pass
edge,edge:1dc6d603106f69e6,contains_sequence,True,True,,pass
edge,edge:50f1bf5f06dc6789,receives_assignment,True,True,,pass
edge,edge:b570f47b92a63abb,supports_taxon,True,True,,pass
edge,edge:18e0129dd91fba6d,bounded_by,True,True,,pass
edge,edge:5ec759f42b2c7dce,blocked_by,True,True,,pass
edge,edge:77ddd3884f2e25df,blocked_by,True,True,,pass
edge,edge:475f9d25be2cb2f1,matches_reference,True,True,,pass
edge,edge:7093f389b454ff92,contains_sequence,True,True,,pass
edge,edge:ad8cfdea2ed8fb90,receives_assignment,True,True,,pass
edge,edge:c8f3ec065e93d6c9,supports_taxon,True,True,,pass
edge,edge:fae00926a901df5a,bounded_by,True,True,,pass
edge,edge:7fe896b6819d291c,blocked_by,True,True,,pass
edge,edge:33b0988ed6b5f3f7,blocked_by,True,True,,pass
edge,edge:f7cac0f9b2592676,matches_reference,True,True,,pass
edge,edge:48340e000b9ebd41,contains_sequence,True,True,,pass
edge,edge:5a4431954ee2a2e7,receives_assignment,True,True,,pass
edge,edge:e9eccc1b15e8c4f2,supports_taxon,True,True,,pass
edge,edge:f6f8e6a9608e8a28,bounded_by,True,True,,pass
edge,edge:ff15317f70427cd9,blocked_by,True,True,,pass
edge,edge:778bca059e9a5a84,blocked_by,True,True,,pass
edge,edge:13e85428646d2fab,matches_reference,True,True,,pass
edge,edge:3535b28bafe1647a,contains_sequence,True,True,,pass
edge,edge:12d06e82869fa164,receives_assignment,True,True,,pass
edge,edge:a04685fe78b83a63,supports_taxon,True,True,,pass
edge,edge:92024510cee42ff9,bounded_by,True,True,,pass
edge,edge:3d617e361b5c580f,blocked_by,True,True,,pass
edge,edge:f73da6704d02a7bb,blocked_by,True,True,,pass
edge,edge:71695652dfe0d92e,matches_reference,True,True,,pass
edge,edge:0565101def758d7d,contains_sequence,True,True,,pass
edge,edge:3da7651810a3aa3d,receives_assignment,True,True,,pass
edge,edge:e86479aac02824fc,supports_taxon,True,True,,pass
edge,edge:c47a8a89159472a6,bounded_by,True,True,,pass
edge,edge:337b1594abae65c6,blocked_by,True,True,,pass
edge,edge:c79dd9bf8f37bc54,blocked_by,True,True,,pass
edge,edge:aeda8c400bc688e6,matches_reference,True,True,,pass
edge,edge:edacf0899efe662a,contains_sequence,True,True,,pass
edge,edge:9f42aee3707c6788,receives_assignment,True,True,,pass
edge,edge:1e0671ab33e642ab,supports_taxon,True,True,,pass
edge,edge:3fddf27080335c62,bounded_by,True,True,,pass
edge,edge:9e1c73e83cdd0f20,blocked_by,True,True,,pass
edge,edge:19e61d19ceb5f644,blocked_by,True,True,,pass
edge,edge:0b13f6fddcc2fba0,matches_reference,True,True,,pass
edge,edge:a7e0f44e25d90319,contains_sequence,True,True,,pass
edge,edge:e1fdc00f00dea75f,receives_assignment,True,True,,pass
edge,edge:b7c21b3cb737e7e4,supports_taxon,True,True,,pass
edge,edge:5d085178ac754c39,bounded_by,True,True,,pass
edge,edge:4dfe9fdc736af502,blocked_by,True,True,,pass
edge,edge:46bd83c6016dfbc8,contains_sequence,True,True,,pass
edge,edge:59a381ebc1fe027c,receives_assignment,True,True,,pass
edge,edge:c1656d1c88879fcb,supports_taxon,True,True,,pass
edge,edge:b17f2cb7bb8af8c0,bounded_by,True,True,,pass
edge,edge:032baae338c6b3af,blocked_by,True,True,,pass
edge,edge:6ccf731af6db8f57,contains_sequence,True,True,,pass
edge,edge:a6c75d319244dbfd,receives_assignment,True,True,,pass
edge,edge:5321b711f1badd4e,supports_taxon,True,True,,pass
edge,edge:ed97018aa315be02,bounded_by,True,True,,pass
edge,edge:aea981235242b0a6,blocked_by,True,True,,pass
edge,edge:16904543389ec9e9,contains_sequence,True,True,,pass
edge,edge:b09f519f685528f0,receives_assignment,True,True,,pass
edge,edge:73dbe5d5d431d198,supports_taxon,True,True,,pass
edge,edge:65904561a25271b3,bounded_by,True,True,,pass
edge,edge:0c8ca1a8de37605d,blocked_by,True,True,,pass
edge,edge:0a5ce3e5611dfe49,contains_sequence,True,True,,pass
edge,edge:cdad1d504cb5faf4,receives_assignment,True,True,,pass
edge,edge:c56c1a003bc61e7f,supports_taxon,True,True,,pass
edge,edge:377ca3c39e94578b,bounded_by,True,True,,pass
edge,edge:7fc44a82213a45e3,blocked_by,True,True,,pass
edge,edge:7cd5a9d58683555c,contains_sequence,True,True,,pass
edge,edge:34ff7ade4a787835,receives_assignment,True,True,,pass
edge,edge:4f22f367993251f1,supports_taxon,True,True,,pass
edge,edge:153817c8beb1e46f,bounded_by,True,True,,pass
edge,edge:39e3d0ee4a5f8efd,blocked_by,True,True,,pass
edge,edge:bdef39129d5375b6,contains_sequence,True,True,,pass
edge,edge:e27963194172bdb7,receives_assignment,True,True,,pass
edge,edge:adddf2f3608db80f,supports_taxon,True,True,,pass
edge,edge:354c595a40c7a4a4,bounded_by,True,True,,pass
edge,edge:cb3f65027d6640ec,blocked_by,True,True,,pass
edge,edge:deba7fd05722b6f1,contains_sequence,True,True,,pass
edge,edge:3cfa08be4341a6f1,receives_assignment,True,True,,pass
edge,edge:02d8397bc533c2de,supports_taxon,True,True,,pass
edge,edge:801d2ba9ee3604e0,bounded_by,True,True,,pass
edge,edge:0f6366977738b2e3,blocked_by,True,True,,pass
edge,edge:e1a6ee86fc1670a3,contains_sequence,True,True,,pass
edge,edge:294d878cb65722da,receives_assignment,True,True,,pass
edge,edge:77a6100df7e96b04,supports_taxon,True,True,,pass
edge,edge:4342a024207256ee,bounded_by,True,True,,pass
edge,edge:4520e16c803dc803,blocked_by,True,True,,pass
edge,edge:46b68c40edee9b8f,contains_sequence,True,True,,pass
edge,edge:62e9898c5526166d,receives_assignment,True,True,,pass
edge,edge:2c65f2de721a7df5,supports_taxon,True,True,,pass
edge,edge:c4461b4417fe762c,bounded_by,True,True,,pass
edge,edge:0becfe01fcca47b6,blocked_by,True,True,,pass
edge,edge:9c0e9bb7fcdb2a14,contains_sequence,True,True,,pass
edge,edge:7b5e1cc1a89d9924,receives_assignment,True,True,,pass
edge,edge:55c65e1451e606ac,supports_taxon,True,True,,pass
edge,edge:5c2c971c55c0a9b4,bounded_by,True,True,,pass
edge,edge:f19baf0e42a8ff28,blocked_by,True,True,,pass
edge,edge:51e744d9b140a25f,blocked_by,True,True,,pass
edge,edge:60c2c190799bc053,matches_reference,True,True,,pass
edge,edge:0bf10fbdcae7c5e7,contains_sequence,True,True,,pass
edge,edge:70745456be5f2167,receives_assignment,True,True,,pass
edge,edge:004c720b774aaab4,supports_taxon,True,True,,pass
edge,edge:511e8da7ac26b24f,bounded_by,True,True,,pass
edge,edge:7a52d664a58f352f,blocked_by,True,True,,pass
edge,edge:1d8eb2b80db1fb46,blocked_by,True,True,,pass
edge,edge:fc50460f2170923b,matches_reference,True,True,,pass
edge,edge:92fd3803c4dd052b,contains_sequence,True,True,,pass
edge,edge:2e90bbaeb0be5c33,receives_assignment,True,True,,pass
edge,edge:660a6d49ff3134a8,supports_taxon,True,True,,pass
edge,edge:522a8988007e2d6b,bounded_by,True,True,,pass
edge,edge:85f935c7d14fbc87,blocked_by,True,True,,pass
edge,edge:002398ac93ca074a,blocked_by,True,True,,pass
edge,edge:7a7071ab61f945ae,matches_reference,True,True,,pass
edge,edge:d8ca4c925f2a635f,contains_sequence,True,True,,pass
edge,edge:06da2b4f1a49f5bb,receives_assignment,True,True,,pass
edge,edge:f86aad3ca965807a,supports_taxon,True,True,,pass
edge,edge:831bb52c11182f19,bounded_by,True,True,,pass
edge,edge:f017e03c6f154090,blocked_by,True,True,,pass
edge,edge:b480e84208c9a336,blocked_by,True,True,,pass
edge,edge:04004d7339b3a291,matches_reference,True,True,,pass
edge,edge:453509e13bceeabf,contains_sequence,True,True,,pass
edge,edge:bd5d71567b0cb5bc,receives_assignment,True,True,,pass
edge,edge:f5a1a24eff16c2ca,supports_taxon,True,True,,pass
edge,edge:ed24a48514bd806c,bounded_by,True,True,,pass
edge,edge:3ebb1161cf713719,blocked_by,True,True,,pass
edge,edge:1554f61ff7e09231,blocked_by,True,True,,pass
edge,edge:0e81b0e554462d44,matches_reference,True,True,,pass
edge,edge:b5d590d4777ee3f1,contains_sequence,True,True,,pass
edge,edge:e60ea35dfaae7444,receives_assignment,True,True,,pass
edge,edge:1fedb18b391af459,supports_taxon,True,True,,pass
edge,edge:df18372e161d3539,bounded_by,True,True,,pass
edge,edge:09aff436226762d1,blocked_by,True,True,,pass
edge,edge:b50b6c6c4b0fd520,blocked_by,True,True,,pass
edge,edge:107cf2fc5612a2bd,matches_reference,True,True,,pass
edge,edge:b0db3155071c06c2,contains_sequence,True,True,,pass
edge,edge:d5ba889ae94443e0,receives_assignment,True,True,,pass
edge,edge:4815924d3f1b23d2,supports_taxon,True,True,,pass
edge,edge:91776112bdbc2be8,bounded_by,True,True,,pass
edge,edge:81dd8d4b5752ee06,blocked_by,True,True,,pass
edge,edge:f428277c970b21e8,blocked_by,True,True,,pass
edge,edge:fa67df70c089aa6c,matches_reference,True,True,,pass
edge,edge:6986299d55da412f,contains_sequence,True,True,,pass
edge,edge:6399f5cedab2d514,receives_assignment,True,True,,pass
edge,edge:b7f0e5a1e00010e2,supports_taxon,True,True,,pass
edge,edge:93853322b3dc48cc,bounded_by,True,True,,pass
edge,edge:f9165f0c1e3a5ee8,blocked_by,True,True,,pass
edge,edge:258948bef4dd1696,blocked_by,True,True,,pass
edge,edge:610e354e938d81cb,matches_reference,True,True,,pass
edge,edge:798f6322dd14a863,contains_sequence,True,True,,pass
edge,edge:273ef31649e20318,receives_assignment,True,True,,pass
edge,edge:0e320c3f26bf5f1b,supports_taxon,True,True,,pass
edge,edge:69681cdb2804d8dc,bounded_by,True,True,,pass
edge,edge:c05b958f374c21b8,blocked_by,True,True,,pass
edge,edge:e2ab2b20071e177b,blocked_by,True,True,,pass
edge,edge:4a67a4c36d9f7f0a,matches_reference,True,True,,pass
edge,edge:c05ddce6b82e89d9,contains_sequence,True,True,,pass
edge,edge:84cbeb6a05a4cb22,receives_assignment,True,True,,pass
edge,edge:3baee2139874732b,supports_taxon,True,True,,pass
edge,edge:2c243fd34073da21,bounded_by,True,True,,pass
edge,edge:25a6181c0001f2eb,blocked_by,True,True,,pass
edge,edge:654be95eeb4f1af7,blocked_by,True,True,,pass
edge,edge:ff797dc0d3b9ba71,matches_reference,True,True,,pass
edge,edge:9c975d68da1e78c0,contains_sequence,True,True,,pass
edge,edge:8f049ad2b3acff6b,receives_assignment,True,True,,pass
edge,edge:a73c9e5c1f79db81,supports_taxon,True,True,,pass
edge,edge:11a6117da9d099f0,bounded_by,True,True,,pass
edge,edge:2a31d048ea767e18,blocked_by,True,True,,pass
edge,edge:879bc0a29a11f8a8,matches_reference,True,True,,pass
edge,edge:155ef464db19b115,matches_reference,True,True,,pass
edge,edge:fab3d1c543e210a5,contains_sequence,True,True,,pass
edge,edge:db2751e273eeeca1,receives_assignment,True,True,,pass
edge,edge:03c03583b4eb1e6e,supports_taxon,True,True,,pass
edge,edge:4cbee4ffff6b2b56,bounded_by,True,True,,pass
edge,edge:48cee4d0c8d02be7,blocked_by,True,True,,pass
edge,edge:f32c78d3b1b77486,matches_reference,True,True,,pass
edge,edge:766a1622c07a4651,matches_reference,True,True,,pass
edge,edge:2038d0d71ca49461,contains_sequence,True,True,,pass
edge,edge:a0254853c811633c,receives_assignment,True,True,,pass
edge,edge:069ee4e34aeba660,supports_taxon,True,True,,pass
edge,edge:c252c439ebac2d55,bounded_by,True,True,,pass
edge,edge:ac702285ca37ad8f,blocked_by,True,True,,pass
edge,edge:4f581e1317e4df4d,matches_reference,True,True,,pass
edge,edge:86d0de673ab96714,matches_reference,True,True,,pass
edge,edge:dda72852e23c1b7a,contains_sequence,True,True,,pass
edge,edge:a2d54b47d55a0854,receives_assignment,True,True,,pass
edge,edge:e640c12f971a373e,supports_taxon,True,True,,pass
edge,edge:240ae7ff380bdece,bounded_by,True,True,,pass
edge,edge:3af8909f340e304e,blocked_by,True,True,,pass
edge,edge:7dc1b3158d517aa8,matches_reference,True,True,,pass
edge,edge:c0263be0bdcc4fd0,matches_reference,True,True,,pass
edge,edge:9e5272c6f0e95a77,contains_sequence,True,True,,pass
edge,edge:dabdfa1de48c9784,receives_assignment,True,True,,pass
edge,edge:91d3b4fdd4af1111,supports_taxon,True,True,,pass
edge,edge:fb393e6f575049f6,bounded_by,True,True,,pass
edge,edge:ea71929f0bbeea9f,blocked_by,True,True,,pass
edge,edge:c0d0af1ca0b239d5,matches_reference,True,True,,pass
edge,edge:20e4ddba04f9b41a,matches_reference,True,True,,pass
edge,edge:8cb1f834e0a0564b,contains_sequence,True,True,,pass
edge,edge:6cfbb84cb8fe18ab,receives_assignment,True,True,,pass
edge,edge:4d6f1713e71a59ff,supports_taxon,True,True,,pass
edge,edge:eb595d91e12fd94d,bounded_by,True,True,,pass
edge,edge:c53eddfeba2049d8,blocked_by,True,True,,pass
edge,edge:8c43b100c4d1a248,matches_reference,True,True,,pass
edge,edge:13d147b29b27dcf7,matches_reference,True,True,,pass
edge,edge:d915f461621804b8,contains_sequence,True,True,,pass
edge,edge:252e5da685f75c02,receives_assignment,True,True,,pass
edge,edge:6e340960dedcffc1,supports_taxon,True,True,,pass
edge,edge:b953210116ee1ba1,bounded_by,True,True,,pass
edge,edge:ce137da622245a3c,blocked_by,True,True,,pass
edge,edge:64bc0c8ffd911205,matches_reference,True,True,,pass
edge,edge:1bb447028f3af5c6,matches_reference,True,True,,pass
edge,edge:1f3749aea5dc0e3f,contains_sequence,True,True,,pass
edge,edge:b6da9ed5a8c99445,receives_assignment,True,True,,pass
edge,edge:0408dbf7aaf42669,supports_taxon,True,True,,pass
edge,edge:32c0ec71cf100f0e,bounded_by,True,True,,pass
edge,edge:45e121a2a5ce779b,blocked_by,True,True,,pass
edge,edge:b6a6b1e41a498b33,matches_reference,True,True,,pass
edge,edge:24f4e132d92b642e,matches_reference,True,True,,pass
edge,edge:628e6eec5e41008a,contains_sequence,True,True,,pass
edge,edge:da3623440f610514,receives_assignment,True,True,,pass
edge,edge:d1fdaff29040095a,supports_taxon,True,True,,pass
edge,edge:8da832f2129fd791,bounded_by,True,True,,pass
edge,edge:57cb80835e3af6e7,blocked_by,True,True,,pass
edge,edge:6ba25b3e0ea6ff0d,matches_reference,True,True,,pass
edge,edge:c1a036bf8e771bed,matches_reference,True,True,,pass
edge,edge:80852ef1dff304f1,contains_sequence,True,True,,pass
edge,edge:eaf91bce40af7689,receives_assignment,True,True,,pass
edge,edge:3bb98a760d1217a9,supports_taxon,True,True,,pass
edge,edge:f49f7a87020f1a8b,bounded_by,True,True,,pass
edge,edge:ad4afe1660a4af18,blocked_by,True,True,,pass
edge,edge:f3369a61d0770963,matches_reference,True,True,,pass
edge,edge:4c2021ad6d3546d5,matches_reference,True,True,,pass
edge,edge:a5f6ca84efb9cbcc,contains_sequence,True,True,,pass
edge,edge:2e8348e11d1ab7af,receives_assignment,True,True,,pass
edge,edge:db7934089736cbfb,supports_taxon,True,True,,pass
edge,edge:4ee39e36dca5523c,bounded_by,True,True,,pass
edge,edge:8442d5174ea2442e,blocked_by,True,True,,pass
edge,edge:f688fe9a90cadfd8,matches_reference,True,True,,pass
edge,edge:829a8720cd67afc8,matches_reference,True,True,,pass
edge,edge:a059cd1c41202c33,contains_sequence,True,True,,pass
edge,edge:44619372bcee814b,receives_assignment,True,True,,pass
edge,edge:840a1aa61968ca8e,supports_taxon,True,True,,pass
edge,edge:1c834e65487f33ee,bounded_by,True,True,,pass
edge,edge:59cc3b5fbd2efb08,blocked_by,True,True,,pass
edge,edge:0e567d4b2c7ff330,matches_reference,True,True,,pass
edge,edge:003b1a5b8bf2804e,matches_reference,True,True,,pass
edge,edge:1c8024c8a37131c7,contains_sequence,True,True,,pass
edge,edge:e68c2bca6006cf29,receives_assignment,True,True,,pass
edge,edge:b692fcb7ee6ecea6,supports_taxon,True,True,,pass
edge,edge:5a40729b4c79fad5,bounded_by,True,True,,pass
edge,edge:3cd3af03d5eefe4b,blocked_by,True,True,,pass
edge,edge:b082276824ae5e21,matches_reference,True,True,,pass
edge,edge:d5beab2581fe2000,matches_reference,True,True,,pass
edge,edge:8173d59b37a442bb,contains_sequence,True,True,,pass
edge,edge:43b616730608d29b,receives_assignment,True,True,,pass
edge,edge:2f1794389427676b,supports_taxon,True,True,,pass
edge,edge:dcbb71506b462c87,bounded_by,True,True,,pass
edge,edge:d51286d87da035bb,blocked_by,True,True,,pass
edge,edge:3ea868d1d26f842a,matches_reference,True,True,,pass
edge,edge:81a01651ce51f576,matches_reference,True,True,,pass
edge,edge:decb6686c24b9c21,contains_sequence,True,True,,pass
edge,edge:7f1bad703378317f,receives_assignment,True,True,,pass
edge,edge:0eac0da10cb595db,supports_taxon,True,True,,pass
edge,edge:f3a7c051e965f047,bounded_by,True,True,,pass
edge,edge:e493c2e23ed2fc7c,blocked_by,True,True,,pass
edge,edge:3be1982e9c7431ab,matches_reference,True,True,,pass
edge,edge:ba34bdda112a0ad0,matches_reference,True,True,,pass
edge,edge:2950e8fd8947fe35,contains_sequence,True,True,,pass
edge,edge:9c43d9e8c05fff93,receives_assignment,True,True,,pass
edge,edge:59255dd8ebbf23df,supports_taxon,True,True,,pass
edge,edge:fcc0684b0db73881,bounded_by,True,True,,pass
edge,edge:9bcc06d4eccd331b,blocked_by,True,True,,pass
edge,edge:c4e5419415270b19,matches_reference,True,True,,pass
edge,edge:49eeb583deedf9d8,matches_reference,True,True,,pass
edge,edge:d1c4fb3743d0c5dd,contains_sequence,True,True,,pass
edge,edge:0eae6ef7b9ec66aa,receives_assignment,True,True,,pass
edge,edge:ca96e9f4e94b5094,supports_taxon,True,True,,pass
edge,edge:359db0dc4b7f28d7,bounded_by,True,True,,pass
edge,edge:f0afa443e4b939f8,blocked_by,True,True,,pass
edge,edge:15dd713e3f9cf104,matches_reference,True,True,,pass
edge,edge:ec0b77c59bcb4974,matches_reference,True,True,,pass
edge,edge:ba9de3444da45f15,contains_sequence,True,True,,pass
edge,edge:8ee2a07912c52a18,receives_assignment,True,True,,pass
edge,edge:a0ece6a0ceb53311,supports_taxon,True,True,,pass
edge,edge:2c453dbb7572534c,bounded_by,True,True,,pass
edge,edge:bc1a00e1d8de382c,blocked_by,True,True,,pass
edge,edge:92ff5c62109c75ee,matches_reference,True,True,,pass
edge,edge:3d3cdb44b24d3460,matches_reference,True,True,,pass
edge,edge:66073e0b75e708dc,contains_sequence,True,True,,pass
edge,edge:1ebff2131343fb7e,receives_assignment,True,True,,pass
edge,edge:31c4a0a936a1b0f7,supports_taxon,True,True,,pass
edge,edge:3fdf286acfdd82c4,bounded_by,True,True,,pass
edge,edge:16e10e4f85313d23,blocked_by,True,True,,pass
edge,edge:7884743d5f9dc3e8,matches_reference,True,True,,pass
edge,edge:fc0543c107c30796,matches_reference,True,True,,pass
edge,edge:ff30bc79473bc629,contains_sequence,True,True,,pass
edge,edge:861c27cba4d856f7,receives_assignment,True,True,,pass
edge,edge:445d57cda8d9ad3c,supports_taxon,True,True,,pass
edge,edge:39e67caa2162f175,bounded_by,True,True,,pass
edge,edge:52e4fb87eb7b0847,blocked_by,True,True,,pass
edge,edge:1eddde7a69cb48e0,matches_reference,True,True,,pass
edge,edge:6afd74b4815c6e26,matches_reference,True,True,,pass
edge,edge:2557526680994fcf,contains_sequence,True,True,,pass
edge,edge:1db559779043330a,receives_assignment,True,True,,pass
edge,edge:e508ec5afaa69bbf,supports_taxon,True,True,,pass
edge,edge:33d45ddfb2db4af2,bounded_by,True,True,,pass
edge,edge:0f6c606b8d966fd1,blocked_by,True,True,,pass
edge,edge:25beb826881ec9d8,matches_reference,True,True,,pass
edge,edge:b2333584eb6a5b92,contains_sequence,True,True,,pass
edge,edge:ab4e810b14a552a9,receives_assignment,True,True,,pass
edge,edge:c8690737db715aff,supports_taxon,True,True,,pass
edge,edge:454cebbb4ddd14e2,bounded_by,True,True,,pass
edge,edge:f15c0174c52a3ce7,blocked_by,True,True,,pass
edge,edge:299fb63d53c6b80a,matches_reference,True,True,,pass
edge,edge:e3168b70e9a5c159,contains_sequence,True,True,,pass
edge,edge:7ec71053aa8ca879,receives_assignment,True,True,,pass
edge,edge:5841496ac44a50d9,supports_taxon,True,True,,pass
edge,edge:7a17c823cd1a40b3,bounded_by,True,True,,pass
edge,edge:5ab50237d11fed5a,blocked_by,True,True,,pass
edge,edge:bd26039c26dfc0d6,matches_reference,True,True,,pass
edge,edge:aaffbd8b339732f2,contains_sequence,True,True,,pass
edge,edge:af09afabec5a9e80,receives_assignment,True,True,,pass
edge,edge:3a01424ea14c3377,supports_taxon,True,True,,pass
edge,edge:c8a2b42327de0bf2,bounded_by,True,True,,pass
edge,edge:c77b708729360e40,blocked_by,True,True,,pass
edge,edge:ffda16819151053b,matches_reference,True,True,,pass
edge,edge:ec904d2958bb64c8,contains_sequence,True,True,,pass
edge,edge:eac162abdb516311,receives_assignment,True,True,,pass
edge,edge:5cbbea16598b9852,supports_taxon,True,True,,pass
edge,edge:dc040ae97b915537,bounded_by,True,True,,pass
edge,edge:3bd9bee88ec2fb92,blocked_by,True,True,,pass
edge,edge:d68aeb121312fa8c,matches_reference,True,True,,pass
edge,edge:8a4e62d067e909c5,contains_sequence,True,True,,pass
edge,edge:b3bd6472a2790e5b,receives_assignment,True,True,,pass
edge,edge:a1d180dd41f31652,supports_taxon,True,True,,pass
edge,edge:7e4ae03606d03810,bounded_by,True,True,,pass
edge,edge:435b37c85c2f5ac9,blocked_by,True,True,,pass
edge,edge:94c03c7da5ff0d7c,matches_reference,True,True,,pass
edge,edge:f98290ce6f0d9e2f,contains_sequence,True,True,,pass
edge,edge:aa5ab9c97e128c63,receives_assignment,True,True,,pass
edge,edge:191e43529943cc7b,supports_taxon,True,True,,pass
edge,edge:34953c02827d8587,bounded_by,True,True,,pass
edge,edge:c3574131e0a01b45,blocked_by,True,True,,pass
edge,edge:07ca8423ca3eace8,matches_reference,True,True,,pass
edge,edge:32194f8bb8ee7649,contains_sequence,True,True,,pass
edge,edge:c1d48593f30952fb,receives_assignment,True,True,,pass
edge,edge:62fd493d34419897,supports_taxon,True,True,,pass
edge,edge:1ceed5c24f6bfd0d,bounded_by,True,True,,pass
edge,edge:9f7063fac402e01d,blocked_by,True,True,,pass
edge,edge:0485f40a6f1e6018,matches_reference,True,True,,pass
edge,edge:b42ef3f4a43cf494,contains_sequence,True,True,,pass
edge,edge:d4880212fa7b8937,receives_assignment,True,True,,pass
edge,edge:add1d91e4bff8115,supports_taxon,True,True,,pass
edge,edge:f28b3c8c1240669b,bounded_by,True,True,,pass
edge,edge:ee4820fc4f8794b4,blocked_by,True,True,,pass
edge,edge:00c0a97657c1bceb,matches_reference,True,True,,pass
edge,edge:68f0955464210cbf,contains_sequence,True,True,,pass
edge,edge:a3064343d77a2c0a,receives_assignment,True,True,,pass
edge,edge:a542a213582ad055,supports_taxon,True,True,,pass
edge,edge:97a7ef6458d3b9e6,bounded_by,True,True,,pass
edge,edge:5c77f673744a4657,blocked_by,True,True,,pass
edge,edge:ed996e7f8cf9cdf6,matches_reference,True,True,,pass
edge,edge:be22bf4f039081cc,contains_sequence,True,True,,pass
edge,edge:98f7c266f2be1a72,receives_assignment,True,True,,pass
edge,edge:b6d66371f881920b,supports_taxon,True,True,,pass
edge,edge:e9fbd0dbe3922984,bounded_by,True,True,,pass
edge,edge:0f41013bdaf0110f,blocked_by,True,True,,pass
edge,edge:44d2acfd69f7de9a,matches_reference,True,True,,pass
edge,edge:96a17c76db5634d7,matches_reference,True,True,,pass
edge,edge:a70f61391e850d52,contains_sequence,True,True,,pass
edge,edge:e455178cfa35c6fd,receives_assignment,True,True,,pass
edge,edge:48cf6c1ff378248e,supports_taxon,True,True,,pass
edge,edge:feab96ce5a214312,bounded_by,True,True,,pass
edge,edge:de91fe6fb6901438,blocked_by,True,True,,pass
edge,edge:dab705ada7d6c655,matches_reference,True,True,,pass
edge,edge:6b322f4fad1e56ea,matches_reference,True,True,,pass
edge,edge:8ccb5f1d88892000,contains_sequence,True,True,,pass
edge,edge:c793aa114e5ef3e1,receives_assignment,True,True,,pass
edge,edge:368b4fe50d20723b,supports_taxon,True,True,,pass
edge,edge:0acfe1c1d3125839,bounded_by,True,True,,pass
edge,edge:e81fdae08e0b7abb,blocked_by,True,True,,pass
edge,edge:6685c46734be1ac6,matches_reference,True,True,,pass
edge,edge:7cd2416cf5bf9ddc,matches_reference,True,True,,pass
edge,edge:46e898cd416dbc61,contains_sequence,True,True,,pass
edge,edge:6b0e8f539f624416,receives_assignment,True,True,,pass
edge,edge:367ceafb32c8794e,supports_taxon,True,True,,pass
edge,edge:80cf2310faab2dd5,bounded_by,True,True,,pass
edge,edge:1b9494f20d265690,blocked_by,True,True,,pass
edge,edge:012a4f9da255d7ff,matches_reference,True,True,,pass
edge,edge:2322946a91f99181,matches_reference,True,True,,pass
edge,edge:708f7b5c74799ff1,contains_sequence,True,True,,pass
edge,edge:5d919ed6ab466ae1,receives_assignment,True,True,,pass
edge,edge:a39a221c380b54cb,supports_taxon,True,True,,pass
edge,edge:5eb05ba1de952e15,bounded_by,True,True,,pass
edge,edge:600befd561009f07,blocked_by,True,True,,pass
edge,edge:a7df884451e31147,matches_reference,True,True,,pass
edge,edge:8d0b862d99b48220,matches_reference,True,True,,pass
edge,edge:7481f296fa9290a7,contains_sequence,True,True,,pass
edge,edge:84c4b0ff17bbcd6e,receives_assignment,True,True,,pass
edge,edge:c9274b9f99335085,supports_taxon,True,True,,pass
edge,edge:a2fcdb65bb4b9a89,bounded_by,True,True,,pass
edge,edge:895afeea02c3e06b,blocked_by,True,True,,pass
edge,edge:eccf9952756611c8,matches_reference,True,True,,pass
edge,edge:b119474e5b91e893,matches_reference,True,True,,pass
edge,edge:36c9f6b719ddfb49,contains_sequence,True,True,,pass
edge,edge:d754d349b3d54d1e,receives_assignment,True,True,,pass
edge,edge:bbb2cb701ac2de10,supports_taxon,True,True,,pass
edge,edge:9fa1e6af52ad5d27,bounded_by,True,True,,pass
edge,edge:ebe9966fffbbe3ec,blocked_by,True,True,,pass
edge,edge:31887ea4f7723c90,matches_reference,True,True,,pass
edge,edge:354af37d5a99c3fb,matches_reference,True,True,,pass
edge,edge:db547b2f315a0cdd,contains_sequence,True,True,,pass
edge,edge:5ec556f253627e54,receives_assignment,True,True,,pass
edge,edge:c35eb3b12f03c0e7,supports_taxon,True,True,,pass
edge,edge:d7d8f7482e8ec1b6,bounded_by,True,True,,pass
edge,edge:9c997f299d7f2f4e,blocked_by,True,True,,pass
edge,edge:582afd6e61442234,matches_reference,True,True,,pass
edge,edge:f7a1239c6b4c653c,matches_reference,True,True,,pass
edge,edge:c37e8b6066f22d85,contains_sequence,True,True,,pass
edge,edge:50cbb9c62b7788bd,receives_assignment,True,True,,pass
edge,edge:b5edb379913c7b79,supports_taxon,True,True,,pass
edge,edge:b6338d2e30570601,bounded_by,True,True,,pass
edge,edge:dae7be0e4d1589a5,blocked_by,True,True,,pass
edge,edge:daf2581af5f390be,matches_reference,True,True,,pass
edge,edge:96fca6579fa1c5c8,matches_reference,True,True,,pass
edge,edge:86d5363a50b6a6e8,contains_sequence,True,True,,pass
edge,edge:16a59fe61e8e0a12,receives_assignment,True,True,,pass
edge,edge:3dc22d55f7049a0b,supports_taxon,True,True,,pass
edge,edge:98b42f759d81740e,bounded_by,True,True,,pass
edge,edge:8bb59b4bf9e584e8,blocked_by,True,True,,pass
edge,edge:8830451abbf7c1f9,matches_reference,True,True,,pass
edge,edge:ea2ef01ab46e5cd3,matches_reference,True,True,,pass
edge,edge:c41b6c0062822330,contains_sequence,True,True,,pass
edge,edge:86f6e03ca76446b5,receives_assignment,True,True,,pass
edge,edge:e5e6aa71a6840904,supports_taxon,True,True,,pass
edge,edge:c6ef4e3dce412e66,bounded_by,True,True,,pass
edge,edge:884e9e8b155d568b,blocked_by,True,True,,pass
edge,edge:6ed435b3456b2280,matches_reference,True,True,,pass
edge,edge:78daf04cfc52a741,matches_reference,True,True,,pass
edge,edge:2eb65cd006f23bcd,contains_sequence,True,True,,pass
edge,edge:f359a5528aa3a09c,receives_assignment,True,True,,pass
edge,edge:f651bf855740248d,supports_taxon,True,True,,pass
edge,edge:48f828f61020b839,bounded_by,True,True,,pass
edge,edge:1d64984d061008dc,blocked_by,True,True,,pass
edge,edge:af0c7ed114c5085b,matches_reference,True,True,,pass
edge,edge:69338fc9fc2fe228,matches_reference,True,True,,pass
edge,edge:130a24dce2a64a7a,contains_sequence,True,True,,pass
edge,edge:d7277e289d482eb5,receives_assignment,True,True,,pass
edge,edge:c1e5bc8357f5d048,supports_taxon,True,True,,pass
edge,edge:519c317a1b60c9ed,bounded_by,True,True,,pass
edge,edge:2de847b3e190d854,blocked_by,True,True,,pass
edge,edge:e5ee7c365ea89f88,matches_reference,True,True,,pass
edge,edge:8e9baba95e083b3b,matches_reference,True,True,,pass
edge,edge:c2e24bcc09e9a15b,contains_sequence,True,True,,pass
edge,edge:1f1e665a3b8e8624,receives_assignment,True,True,,pass
edge,edge:bad803f64757b5a2,supports_taxon,True,True,,pass
edge,edge:462e207e528266c6,bounded_by,True,True,,pass
edge,edge:0d59040b125c8fca,blocked_by,True,True,,pass
edge,edge:74caccdec7835cfd,matches_reference,True,True,,pass
edge,edge:79c3e0b826f24c8c,matches_reference,True,True,,pass
edge,edge:6d679b067b2e1d79,contains_sequence,True,True,,pass
edge,edge:c5ed98e6e38825d3,receives_assignment,True,True,,pass
edge,edge:efed1a1b5b93beb6,supports_taxon,True,True,,pass
edge,edge:048f61262ea56edf,bounded_by,True,True,,pass
edge,edge:53bb1f299a680173,blocked_by,True,True,,pass
edge,edge:5bb85f0150d7889a,matches_reference,True,True,,pass
edge,edge:84307bce86ef9421,matches_reference,True,True,,pass
edge,edge:1ecf621a3f0f079c,contains_sequence,True,True,,pass
edge,edge:8a71a98c197740b9,receives_assignment,True,True,,pass
edge,edge:b93dac63edc60d43,supports_taxon,True,True,,pass
edge,edge:b53f79b905511f77,bounded_by,True,True,,pass
edge,edge:4a8f7ba6612e8421,blocked_by,True,True,,pass
edge,edge:0068605d8c8e3a43,matches_reference,True,True,,pass
edge,edge:7397d67c73a02d01,matches_reference,True,True,,pass
edge,edge:22eaded35847a782,contains_sequence,True,True,,pass
edge,edge:36836684c90cf1bf,receives_assignment,True,True,,pass
edge,edge:5ba814489d2e4558,supports_taxon,True,True,,pass
edge,edge:333f1a1ef91f98b9,bounded_by,True,True,,pass
edge,edge:d66ac0101fd5f85f,blocked_by,True,True,,pass
edge,edge:96ab8bfcbe64c070,matches_reference,True,True,,pass
edge,edge:263b0b9834052094,matches_reference,True,True,,pass
edge,edge:3378918d345a48e8,contains_sequence,True,True,,pass
edge,edge:f95ab7af0135191d,receives_assignment,True,True,,pass
edge,edge:5005c918aaee04a4,supports_taxon,True,True,,pass
edge,edge:f64bb2cfcbdbf248,bounded_by,True,True,,pass
edge,edge:7770c009ab60b5fc,blocked_by,True,True,,pass
edge,edge:a2ef8948653cd8bd,matches_reference,True,True,,pass
edge,edge:168af00f89bcff64,matches_reference,True,True,,pass
edge,edge:8d632b792c8765c2,contains_sequence,True,True,,pass
edge,edge:e34e964f7374a39f,receives_assignment,True,True,,pass
edge,edge:e274592172b9dfc5,supports_taxon,True,True,,pass
edge,edge:c752f90f5c3b94a2,bounded_by,True,True,,pass
edge,edge:b5f546d5b75597cd,blocked_by,True,True,,pass
edge,edge:3daf1b1d5cbb9436,matches_reference,True,True,,pass
edge,edge:f5d7711411f278a0,matches_reference,True,True,,pass
edge,edge:c3e3e92bf516595d,contains_sequence,True,True,,pass
edge,edge:1a8b39c17cca8aa8,receives_assignment,True,True,,pass
edge,edge:a23b50b843fb914e,supports_taxon,True,True,,pass
edge,edge:375953e8dd8eb5ef,bounded_by,True,True,,pass
edge,edge:c7e3509e1147bb7a,blocked_by,True,True,,pass
edge,edge:e65931301123edff,matches_reference,True,True,,pass
edge,edge:76f74456282b4018,matches_reference,True,True,,pass
edge,edge:9fe4bf4138eedfb5,produces_artifact,True,True,,pass
edge,edge:1baf4136c5bc4af5,produces_artifact,True,True,,pass
edge,edge:3f053ec2db7ad72b,produces_artifact,True,True,,pass
edge,edge:9f6b767a00f85fb6,produces_artifact,True,True,,pass
edge,edge:584ac0811bd3cfa3,produces_artifact,True,True,,pass
edge,edge:daada2d5b28f6195,produces_artifact,True,True,,pass
edge,edge:ed07ebc689d0fdeb,produces_artifact,True,True,,pass
edge,edge:f65b6985483195f4,produces_artifact,True,True,,pass
edge,edge:e08172e90f68d49d,produces_artifact,True,True,,pass
edge,edge:491017bba3a88059,produces_artifact,True,True,,pass
edge,edge:16d7412730acb29c,produces_artifact,True,True,,pass
edge,edge:5506ff22046db517,produces_artifact,True,True,,pass
edge,edge:5f0286eb761da220,produces_artifact,True,True,,pass
edge,edge:dc73dd5709198fc2,produces_artifact,True,True,,pass
edge,edge:e84390756142a48c,produces_artifact,True,True,,pass
edge,edge:fc4539d52d4727f0,produces_artifact,True,True,,pass
edge,edge:9011c962285d6d78,produces_artifact,True,True,,pass
edge,edge:7b1c905b6cf1fabb,produces_artifact,True,True,,pass
edge,edge:1b4187f6e105b6d5,produces_artifact,True,True,,pass
edge,edge:2027dec739e4e64c,produces_artifact,True,True,,pass
edge,edge:705ee4a19f0aac22,produces_artifact,True,True,,pass
edge,edge:27dd6a50035c01dc,produces_artifact,True,True,,pass
edge,edge:2a1000dc0f2c9fb1,produces_artifact,True,True,,pass
edge,edge:098af6a5a6729e31,produces_artifact,True,True,,pass
edge,edge:70f93fd59e13788f,produces_artifact,True,True,,pass
edge,edge:5efb6ac971b415b5,produces_artifact,True,True,,pass
edge,edge:1284ce9f3deb071a,produces_artifact,True,True,,pass
edge,edge:eb95a38fca4dd0cd,produces_artifact,True,True,,pass
edge,edge:5b7735382290b85a,produces_artifact,True,True,,pass
edge,edge:28576b37533092c6,produces_artifact,True,True,,pass
edge,edge:66d2092a5bdf7f66,produces_artifact,True,True,,pass
edge,edge:58df5eeb045e9509,produces_artifact,True,True,,pass
edge,edge:892dc0df757c1997,produces_artifact,True,True,,pass
edge,edge:f71070509ceda178,produces_artifact,True,True,,pass
edge,edge:c249effa8dabc46a,produces_artifact,True,True,,pass
edge,edge:4ffd0cdcc92d9ae9,produces_artifact,True,True,,pass
edge,edge:01b9623da9da26d4,produces_artifact,True,True,,pass
edge,edge:c41a00ebf1f2c8f1,produces_artifact,True,True,,pass
edge,edge:f61a1b2bbdc45b4e,produces_artifact,True,True,,pass
edge,edge:37b927ab604e7de7,produces_artifact,True,True,,pass
edge,edge:01afd737fdc68ee8,produces_artifact,True,True,,pass
edge,edge:fea222996b63d705,produces_artifact,True,True,,pass
edge,edge:ee872ab336feed02,produces_artifact,True,True,,pass
edge,edge:0d00e6ad8e98aee5,produces_artifact,True,True,,pass
edge,edge:207f1f593156ac44,produces_artifact,True,True,,pass
edge,edge:c2e3740433e5c99e,produces_artifact,True,True,,pass
edge,edge:88f25946bfe2783b,produces_artifact,True,True,,pass
edge,edge:eeb1d1ac26b57ca0,produces_artifact,True,True,,pass
edge,edge:f2cc977aee0b7014,produces_artifact,True,True,,pass
edge,edge:c6acdbd3d0030998,produces_artifact,True,True,,pass
edge,edge:437d0174f0b20f1d,produces_artifact,True,True,,pass
edge,edge:8bff6f2dd9dc365b,produces_artifact,True,True,,pass
edge,edge:56e1b3af834ef865,produces_artifact,True,True,,pass
edge,edge:34ef7c2ae650626d,produces_artifact,True,True,,pass
edge,edge:9b47f35f35c0c5a4,produces_artifact,True,True,,pass
edge,edge:1252260af7b054b7,produces_artifact,True,True,,pass
edge,edge:e93ac46bb3da8754,produces_artifact,True,True,,pass
edge,edge:a00b5f219e4a64dd,produces_artifact,True,True,,pass
edge,edge:1fda14af3ff8ef84,produces_artifact,True,True,,pass
edge,edge:f16ca2a3c8e22be7,produces_artifact,True,True,,pass
edge,edge:7312d905fd3821a9,produces_artifact,True,True,,pass
edge,edge:28dee5d9c98252a2,produces_artifact,True,True,,pass
edge,edge:06a7bc385e8f0f02,produces_artifact,True,True,,pass
edge,edge:d181726bc1402692,produces_artifact,True,True,,pass
edge,edge:c123983a5a5c81ad,produces_artifact,True,True,,pass
edge,edge:c7a85db812c83716,produces_artifact,True,True,,pass
edge,edge:81ca31543d93e89f,produces_artifact,True,True,,pass
edge,edge:a516907e1de43e41,produces_artifact,True,True,,pass
edge,edge:788aace94a0515ae,produces_artifact,True,True,,pass
edge,edge:12f35ec29a52be98,produces_artifact,True,True,,pass
edge,edge:f63632971dceb948,produces_artifact,True,True,,pass
edge,edge:2c0a9b772dc2c078,produces_artifact,True,True,,pass
edge,edge:72769bdc421088f0,produces_artifact,True,True,,pass
edge,edge:a5ced7c4382eeb00,produces_artifact,True,True,,pass
edge,edge:63f0ee90ec3eb784,produces_artifact,True,True,,pass
edge,edge:eb6a815af4b064f6,produces_artifact,True,True,,pass
edge,edge:f6dcdaef658fc26b,produces_artifact,True,True,,pass
edge,edge:3d05671c5744a2e9,produces_artifact,True,True,,pass
edge,edge:1d48a42cd5461c8a,produces_artifact,True,True,,pass
edge,edge:b5358ba0f574aff6,produces_artifact,True,True,,pass
edge,edge:1425cde36d7e7e3a,produces_artifact,True,True,,pass
edge,edge:ea78739c3a50e731,produces_artifact,True,True,,pass
edge,edge:73329b8f0d3d1859,produces_artifact,True,True,,pass
edge,edge:e6a6e57b7a6f6867,produces_artifact,True,True,,pass
edge,edge:2f9ab42339092e00,produces_artifact,True,True,,pass
edge,edge:c4f60b5eac88c63e,produces_artifact,True,True,,pass
edge,edge:66c4bd68c650f914,produces_artifact,True,True,,pass
edge,edge:bcb4f34edcb8366c,produces_artifact,True,True,,pass
edge,edge:19e67c901f8de342,produces_artifact,True,True,,pass
